requirement_id,family,requirement_record_sha256,owner,accountable_owner,required_approvers,verification_methods,primary_design,primary_work_package,supporting_work_packages,phase,supporting_phases,entry_gate,acceptance_gate,supporting_gates,test_target,result_target,approval_status,approval_reference
DOC-001,DOC,eff5e789df7dd5c9de72b1ea94ec9d95b1465d826978d0fbc91da36bd86807c0,CM,CM,"SA, QL, CM",I,requirements/DOCUMENT_REQUIREMENT_ALLOCATION.md,NG-WP-00,NG-WP-08,0,,G0,G0,,NGV-DOC-001,NGR-DOC-001,OUTSIDE_LOCAL_V04_GATE,quality/G0_HUMAN_APPROVAL_LEDGER.json
DOC-002,DOC,952f157dd9ec7a03f448f2af4485c92b7bc2d96981ad5f17ab7ebb3613c30118,QL,QL,"SA, QL, CM",I,requirements/DOCUMENT_REQUIREMENT_ALLOCATION.md,NG-WP-00,NG-WP-08,0,,G0,G0,,NGV-DOC-002,NGR-DOC-002,OUTSIDE_LOCAL_V04_GATE,quality/G0_HUMAN_APPROVAL_LEDGER.json
DOC-003,DOC,6af8e53d73c57639a82f11df494de620a68b2c4de3ef70816d3b19ff1d419e7c,LA,LA,"LA, DA, CM","I,T",SOURCE_AUTHORITY.md,NG-WP-00,NG-WP-08,0,,G0,G0,,NGV-DOC-003,NGR-DOC-003,OUTSIDE_LOCAL_V04_GATE,quality/G0_HUMAN_APPROVAL_LEDGER.json
DOC-004,DOC,223d3482e4e32254d2782f01965c896cefc3fe5c64d5aeaf0002bc42edae0325,DA,DA,"LA, DA, CM","I,T",SOURCE_AUTHORITY.md,NG-WP-00,NG-WP-08,0,,G0,G0,,NGV-DOC-004,NGR-DOC-004,OUTSIDE_LOCAL_V04_GATE,quality/G0_HUMAN_APPROVAL_LEDGER.json
DOC-005,DOC,8e9b4710aafc7916d61e4e9ae7b4c10efa7c562df940d0ee91f080208ca33c38,CM,CM,"LA, DA, CM",T,SOURCE_AUTHORITY.md,NG-WP-00,NG-WP-08,0,,G0,G0,,NGV-DOC-005,NGR-DOC-005,OUTSIDE_LOCAL_V04_GATE,quality/G0_HUMAN_APPROVAL_LEDGER.json
DOC-006,DOC,d70043789af40ccfea2f1e02aa6f0afc35b3531e119547afbe6839fb10d76b72,CM,CM,"SA, QL, CM",I,requirements/DOCUMENT_REQUIREMENT_ALLOCATION.md,NG-WP-00,NG-WP-08,0,,G0,G0,,NGV-DOC-006,NGR-DOC-006,OUTSIDE_LOCAL_V04_GATE,quality/G0_HUMAN_APPROVAL_LEDGER.json
DOC-007,DOC,e6b56ca2cb1e0babb2e66c6e30556a397d5086ec553472183f16586b44c06de3,PO,PO,"PO, MO, SA, LA, DA, GA, SY, SO, RO, AS, QL, CM",I,DOCUMENT_CONTROL.md,NG-WP-00,NG-WP-08,0,,G0,G0,,NGV-DOC-007,NGR-DOC-007,OUTSIDE_LOCAL_V04_GATE,quality/G0_HUMAN_APPROVAL_LEDGER.json
DOC-008,DOC,5f1045d2a7288c89bcf738236efd3c9007cc02388f9d0ce7a3584283dbe7cc75,SO,SO,"LA, DA, CM","I,T",SOURCE_AUTHORITY.md,NG-WP-00,NG-WP-08,0,,G0,G0,,NGV-DOC-008,NGR-DOC-008,OUTSIDE_LOCAL_V04_GATE,quality/G0_HUMAN_APPROVAL_LEDGER.json
DOC-009,DOC,38e28cb111ebf798b3d0ac7142b64ae38655db934713c93180681f34472fc0e9,QL,QL,"SA, QL, CM",I,requirements/DOCUMENT_REQUIREMENT_ALLOCATION.md,NG-WP-00,NG-WP-08,0,,G0,G0,,NGV-DOC-009,NGR-DOC-009,OUTSIDE_LOCAL_V04_GATE,quality/G0_HUMAN_APPROVAL_LEDGER.json
DOC-010,DOC,4bc317da738b8f29101a62546b9a3d4bb7cbe0d12ba87c7eed2059ea944286ec,QL,QL,"SA, QL, CM",T,requirements/DOCUMENT_REQUIREMENT_ALLOCATION.md,NG-WP-00,NG-WP-08,0,,G0,G0,,NGV-DOC-010,NGR-DOC-010,OUTSIDE_LOCAL_V04_GATE,quality/G0_HUMAN_APPROVAL_LEDGER.json
DOC-011,DOC,198afe90d9e963667560dd105f2babd5331801ab68de08dd22fefaebdd30facc,QL,QL,"PO, MO, SA, SO, QL, CM","I,T,D",web/SPELL_GUI_USER_MANUAL.md,NG-WP-05,NG-WP-00;NG-WP-08,8,,G0,G7,,NGV-DOC-011,NGR-DOC-011,OUTSIDE_LOCAL_V04_GATE,quality/G0_HUMAN_APPROVAL_LEDGER.json
ARC-001,ARC,c85e510a86ddeaea6e2afe08ba8667c408a0ca24c3a2034281d7ff9e95cfb3c9,SA,SA,"PO, MO, SA, SO","I,T",architecture/SYSTEM_CONTEXT.md,NG-WP-02,NG-WP-07;NG-WP-08,1,,G0,G2,,NGV-ARC-001,NGR-ARC-001,OUTSIDE_LOCAL_V04_GATE,quality/G0_HUMAN_APPROVAL_LEDGER.json
ARC-002,ARC,ac6a699bf82701780bcf26413e70601f98f7418f66267469d5411e5f5a46dfed,SA,SA,"PO, MO, SA, SO","D,T",architecture/SYSTEM_CONTEXT.md,NG-WP-02,NG-WP-07;NG-WP-08,1,,G0,G2,,NGV-ARC-002,NGR-ARC-002,OUTSIDE_LOCAL_V04_GATE,quality/G0_HUMAN_APPROVAL_LEDGER.json
ARC-003,ARC,ab8350c0a73ce4efbe9a239e1c925f15801066e0a9f118d078cb023228864602,SA,SA,"PO, MO, SA, SO","A,T",architecture/SYSTEM_CONTEXT.md,NG-WP-02,NG-WP-07;NG-WP-08,1,,G0,G2,,NGV-ARC-003,NGR-ARC-003,OUTSIDE_LOCAL_V04_GATE,quality/G0_HUMAN_APPROVAL_LEDGER.json
ARC-004,ARC,136574509b18ef156265386d9da49511c1a2dcf90ce42a574d7ea02dd1f5df35,SO,SO,"SA, SO, LA, DA","I,A",architecture/LOGICAL_ARCHITECTURE.md,NG-WP-02,NG-WP-07;NG-WP-08,1,,G0,G2,,NGV-ARC-004,NGR-ARC-004,OUTSIDE_LOCAL_V04_GATE,quality/G0_HUMAN_APPROVAL_LEDGER.json
ARC-005,ARC,1c53a5292d6afc17df5275ce3d9167be69fe91d0b548414db00254e518397771,SO,SO,"SA, SO, LA, DA","I,T",architecture/LOGICAL_ARCHITECTURE.md,NG-WP-02,NG-WP-07;NG-WP-08,1,,G0,G2,,NGV-ARC-005,NGR-ARC-005,OUTSIDE_LOCAL_V04_GATE,quality/G0_HUMAN_APPROVAL_LEDGER.json
ARC-006,ARC,d11c9c0627679591e8ae32d084c5426c91c813d4048eafb74eb663aa6e3bd5e0,SA,SA,"SA, SO, LA, DA","I,T",architecture/LOGICAL_ARCHITECTURE.md,NG-WP-02,NG-WP-07;NG-WP-08,1,,G0,G2,,NGV-ARC-006,NGR-ARC-006,OUTSIDE_LOCAL_V04_GATE,quality/G0_HUMAN_APPROVAL_LEDGER.json
ARC-007,ARC,3f16adae19bbda1753f13acacea10bf753492c28dae61f358144c83cfc776198,SA,SA,"SA, SO, LA, DA","A,T",architecture/LOGICAL_ARCHITECTURE.md,NG-WP-02,NG-WP-07;NG-WP-08,1,,G0,G2,,NGV-ARC-007,NGR-ARC-007,OUTSIDE_LOCAL_V04_GATE,quality/G0_HUMAN_APPROVAL_LEDGER.json
ARC-008,ARC,cae325e81dbab210f68fe5ecb5b47eeeb5e491fa8113e427af853a5f34831e20,SO,SO,"SA, SO, LA, DA","I,T",architecture/LOGICAL_ARCHITECTURE.md,NG-WP-02,NG-WP-07;NG-WP-08,1,,G0,G2,,NGV-ARC-008,NGR-ARC-008,OUTSIDE_LOCAL_V04_GATE,quality/G0_HUMAN_APPROVAL_LEDGER.json
ARC-009,ARC,d501dde6f0b453f23a0673e816d60675040c6d1c0df42c1eec07f7080823906a,MO,MO,"SA, SO, LA, DA","I,D",architecture/LOGICAL_ARCHITECTURE.md,NG-WP-02,NG-WP-07;NG-WP-08,1,,G0,G2,,NGV-ARC-009,NGR-ARC-009,OUTSIDE_LOCAL_V04_GATE,quality/G0_HUMAN_APPROVAL_LEDGER.json
ARC-010,ARC,d62e7e32fb1086c7646c3739c1a7ee069b78c9c368e9b6ba44cef8f90354bd84,MO,MO,"SA, SO, LA, DA","I,T",architecture/LOGICAL_ARCHITECTURE.md,NG-WP-02,NG-WP-07;NG-WP-08,1,,G0,G2,,NGV-ARC-010,NGR-ARC-010,OUTSIDE_LOCAL_V04_GATE,quality/G0_HUMAN_APPROVAL_LEDGER.json
ARC-011,ARC,3456a415c6fbd95667b9180301f924fe0949c0ea66c3fd8a095c8bb1956a96bd,SA,SA,"SA, SO, LA, DA","I,T",architecture/LOGICAL_ARCHITECTURE.md,NG-WP-02,NG-WP-07;NG-WP-08,1,,G0,G2,,NGV-ARC-011,NGR-ARC-011,OUTSIDE_LOCAL_V04_GATE,quality/G0_HUMAN_APPROVAL_LEDGER.json
ARC-012,ARC,25830a9bf5a3b9de611f099bbbbbe2127537e328053b697b04c266e4590f2ba1,SA,SA,"SA, SO, LA, DA","I,T",architecture/LOGICAL_ARCHITECTURE.md,NG-WP-02,NG-WP-07;NG-WP-08,1,,G0,G2,,NGV-ARC-012,NGR-ARC-012,OUTSIDE_LOCAL_V04_GATE,quality/G0_HUMAN_APPROVAL_LEDGER.json
ARC-013,ARC,4bb4a59746ae5739044137b45fd321dfade030e3c1922319c69ca4116316e3b1,SA,SA,"SA, SO, LA, DA","T,A",architecture/LOGICAL_ARCHITECTURE.md,NG-WP-02,NG-WP-07;NG-WP-08,1,,G0,G2,,NGV-ARC-013,NGR-ARC-013,OUTSIDE_LOCAL_V04_GATE,quality/G0_HUMAN_APPROVAL_LEDGER.json
ARC-014,ARC,9d70315cf63f93e800501ce71680e1480fddf9f66949a6bcd91d0565c6e14830,SA,SA,"SA, SO, LA, DA","I,T",architecture/LOGICAL_ARCHITECTURE.md,NG-WP-02,NG-WP-07;NG-WP-08,1,,G0,G2,,NGV-ARC-014,NGR-ARC-014,OUTSIDE_LOCAL_V04_GATE,quality/G0_HUMAN_APPROVAL_LEDGER.json
ARC-015,ARC,8a691cd8ec50a301ae2236bd5920d16ebb269273629f1a029dd5b2f943d8c5ac,DA,DA,"SA, SO, LA, DA",T,architecture/LOGICAL_ARCHITECTURE.md,NG-WP-02,NG-WP-07;NG-WP-08,1,,G0,G2,,NGV-ARC-015,NGR-ARC-015,OUTSIDE_LOCAL_V04_GATE,quality/G0_HUMAN_APPROVAL_LEDGER.json
ARC-016,ARC,8014d63b990669c3acbc486ba465a610309a98d2e42e11789e074f23e17a0c19,SA,SA,"SA, SO, LA, DA",T,architecture/LOGICAL_ARCHITECTURE.md,NG-WP-02,NG-WP-07;NG-WP-08,1,,G0,G2,,NGV-ARC-016,NGR-ARC-016,OUTSIDE_LOCAL_V04_GATE,quality/G0_HUMAN_APPROVAL_LEDGER.json
ARC-017,ARC,0a3faf11a18ba467a365b3ef0331f686959976690a16e35adffb196e629d162c,SA,SA,"SA, SO, LA, DA","A,T",architecture/LOGICAL_ARCHITECTURE.md,NG-WP-02,NG-WP-07;NG-WP-08,1,,G0,G2,,NGV-ARC-017,NGR-ARC-017,OUTSIDE_LOCAL_V04_GATE,quality/G0_HUMAN_APPROVAL_LEDGER.json
ARC-018,ARC,138365ff3dab9c54b66b2d9e780e7dd90f3f383bac96f8c378b9a99bcb4aafb6,SA,SA,"SA, SO, LA, DA","A,T",architecture/LOGICAL_ARCHITECTURE.md,NG-WP-02,NG-WP-07;NG-WP-08,1,,G0,G2,,NGV-ARC-018,NGR-ARC-018,OUTSIDE_LOCAL_V04_GATE,quality/G0_HUMAN_APPROVAL_LEDGER.json
ARC-019,ARC,021d31c392cc1ada38cd174314324b305092ec6c9675a4a236d06b5880c0c121,SO,SO,"SA, SO, LA, DA","I,T",architecture/LOGICAL_ARCHITECTURE.md,NG-WP-02,NG-WP-07;NG-WP-08,1,,G0,G2,,NGV-ARC-019,NGR-ARC-019,OUTSIDE_LOCAL_V04_GATE,quality/G0_HUMAN_APPROVAL_LEDGER.json
ARC-020,ARC,ddb67202eaf9797292fcb345cd8f5c34b0b5c856a65573a13b219ddcbf51c577,CM,CM,"SA, SO, LA, DA",T,architecture/LOGICAL_ARCHITECTURE.md,NG-WP-02,NG-WP-07;NG-WP-08,1,,G0,G2,,NGV-ARC-020,NGR-ARC-020,OUTSIDE_LOCAL_V04_GATE,quality/G0_HUMAN_APPROVAL_LEDGER.json
ARC-021,ARC,de895f1b43b9a5095f76a47259f89cf787a2607764f2d487907cf8dc5093ccc3,SO,SO,"SA, SO, LA, DA","I,T",architecture/LOGICAL_ARCHITECTURE.md,NG-WP-02,NG-WP-07;NG-WP-08,1,,G0,G2,,NGV-ARC-021,NGR-ARC-021,OUTSIDE_LOCAL_V04_GATE,quality/G0_HUMAN_APPROVAL_LEDGER.json
ARC-022,ARC,5120226d67822db657ff79c9dc2c3e6ebef15658de15eaeaf28a3fab4d737a9f,MO,MO,"SA, SO, LA, DA",T,architecture/LOGICAL_ARCHITECTURE.md,NG-WP-02,NG-WP-07;NG-WP-08,1,,G0,G2,,NGV-ARC-022,NGR-ARC-022,OUTSIDE_LOCAL_V04_GATE,quality/G0_HUMAN_APPROVAL_LEDGER.json
ARC-023,ARC,4231447cfbd149d9c00f746374cc4d82be007e2c9d6981992e93f35299a425c4,MO,MO,"SA, SO, LA, DA","T,D",architecture/LOGICAL_ARCHITECTURE.md,NG-WP-02,NG-WP-07;NG-WP-08,1,,G0,G2,,NGV-ARC-023,NGR-ARC-023,OUTSIDE_LOCAL_V04_GATE,quality/G0_HUMAN_APPROVAL_LEDGER.json
ARC-024,ARC,84b144267e7b7eab274a830eb1294ae51a17e09d6b646c54e56186ff1bd1679a,SO,SO,"SA, SO, LA, DA","I,T",architecture/LOGICAL_ARCHITECTURE.md,NG-WP-02,NG-WP-07;NG-WP-08,1,,G0,G2,,NGV-ARC-024,NGR-ARC-024,OUTSIDE_LOCAL_V04_GATE,quality/G0_HUMAN_APPROVAL_LEDGER.json
ARC-025,ARC,bb04440d678c2a5d78917e294ad646799d0370d57ddf1ef0cef2e8ad1fa3e1c1,SO,SO,"SA, SO, LA, DA","I,T",architecture/LOGICAL_ARCHITECTURE.md,NG-WP-02,NG-WP-07;NG-WP-08,1,,G0,G2,,NGV-ARC-025,NGR-ARC-025,OUTSIDE_LOCAL_V04_GATE,quality/G0_HUMAN_APPROVAL_LEDGER.json
ARC-026,ARC,e3b24eb95d8663ce686310ae35dc226521f75220730800d8810397290e80e4b4,SA,SA,"PO, MO, SA, SO",T,architecture/SYSTEM_CONTEXT.md,NG-WP-02,NG-WP-07;NG-WP-08,1,,G0,G2,,NGV-ARC-026,NGR-ARC-026,OUTSIDE_LOCAL_V04_GATE,quality/G0_HUMAN_APPROVAL_LEDGER.json
ARC-027,ARC,4c6d2fd580c487a7e23ae7b411c5b401b674bce8121235978432e09ded9559cc,SA,SA,"SA, SO, LA, DA","T,A",architecture/LOGICAL_ARCHITECTURE.md,NG-WP-02,NG-WP-07;NG-WP-08,1,,G0,G2,,NGV-ARC-027,NGR-ARC-027,OUTSIDE_LOCAL_V04_GATE,quality/G0_HUMAN_APPROVAL_LEDGER.json
ARC-028,ARC,4f7e82c096c6d8518c99f980aae87aebbabd26c2c75d7ecae2aa484706939d12,MO,MO,"MO, SA, LA, DA, SO",T,architecture/SERVER_AND_EXECUTION.md,NG-WP-02,NG-WP-07;NG-WP-08,1,,G0,G2,,NGV-ARC-028,NGR-ARC-028,OUTSIDE_LOCAL_V04_GATE,quality/G0_HUMAN_APPROVAL_LEDGER.json
ARC-029,ARC,c99d918b818216f212d470f3e821880cae37df015c598293205e408c6c387265,SA,SA,"SA, SO, LA, DA","T,A",architecture/LOGICAL_ARCHITECTURE.md,NG-WP-02,NG-WP-07;NG-WP-08,1,,G0,G2,,NGV-ARC-029,NGR-ARC-029,OUTSIDE_LOCAL_V04_GATE,quality/G0_HUMAN_APPROVAL_LEDGER.json
ARC-030,ARC,e327aae7e0c0228f63d69372758dbb41bdd5d0879f9dbc0f47a326b23a2c7081,MO,MO,"MO, SA, LA, DA, SO",T,architecture/SERVER_AND_EXECUTION.md,NG-WP-02,NG-WP-07;NG-WP-08,1,,G0,G2,,NGV-ARC-030,NGR-ARC-030,OUTSIDE_LOCAL_V04_GATE,quality/G0_HUMAN_APPROVAL_LEDGER.json
ARC-031,ARC,0cff372dc4904d3a329c5d0ce9795f468f652a1f09c1d57bb40fd8025853e576,SA,SA,"SA, SO, LA, DA","I,T",architecture/LOGICAL_ARCHITECTURE.md,NG-WP-02,NG-WP-07;NG-WP-08,1,,G0,G2,,NGV-ARC-031,NGR-ARC-031,OUTSIDE_LOCAL_V04_GATE,quality/G0_HUMAN_APPROVAL_LEDGER.json
ARC-032,ARC,9a358394d02b875bd57c9f20c88826485fc5869c92149b1e113b40e3ab4f8718,SA,SA,"SA, SO, LA, DA",T,architecture/LOGICAL_ARCHITECTURE.md,NG-WP-02,NG-WP-07;NG-WP-08,1,,G0,G2,,NGV-ARC-032,NGR-ARC-032,OUTSIDE_LOCAL_V04_GATE,quality/G0_HUMAN_APPROVAL_LEDGER.json
ARC-033,ARC,173fb50f84de42aa2b72d80b864e90fbc565d12aa68555142b2dddffc6777c8d,SO,SO,"SA, SO, LA, DA","I,T",architecture/LOGICAL_ARCHITECTURE.md,NG-WP-02,NG-WP-07;NG-WP-08,1,,G0,G2,,NGV-ARC-033,NGR-ARC-033,OUTSIDE_LOCAL_V04_GATE,quality/G0_HUMAN_APPROVAL_LEDGER.json
ARC-034,ARC,c47a1adcf506b248415fcfb21a43b22de1c5b3349647c6153338fe0afa627209,LA,LA,"SA, SO, LA, DA",T,architecture/LOGICAL_ARCHITECTURE.md,NG-WP-02,NG-WP-07;NG-WP-08,1,,G0,G2,,NGV-ARC-034,NGR-ARC-034,OUTSIDE_LOCAL_V04_GATE,quality/G0_HUMAN_APPROVAL_LEDGER.json
ARC-035,ARC,c2909b1f21761969668a257e66ef765675d2bcb6fb1bdf99742e2224a7406202,MO,MO,"SA, SO, LA, DA",T,architecture/LOGICAL_ARCHITECTURE.md,NG-WP-02,NG-WP-07;NG-WP-08,1,,G0,G2,,NGV-ARC-035,NGR-ARC-035,OUTSIDE_LOCAL_V04_GATE,quality/G0_HUMAN_APPROVAL_LEDGER.json
ARC-036,ARC,b9af30e4a4c382bb3df86599ab19d39c08f35c846326ba1549d1d268921b5d84,SA,SA,"SA, SO, LA, DA","T,A",architecture/LOGICAL_ARCHITECTURE.md,NG-WP-02,NG-WP-07;NG-WP-08,1,,G0,G2,,NGV-ARC-036,NGR-ARC-036,OUTSIDE_LOCAL_V04_GATE,quality/G0_HUMAN_APPROVAL_LEDGER.json
ARC-037,ARC,c7d3c3aae7531e29bbbdc0f8f1a1d0db7e11729662fc6933a7893283f686a65d,MO,MO,"SA, SO, LA, DA","T,E",architecture/LOGICAL_ARCHITECTURE.md,NG-WP-02,NG-WP-07;NG-WP-08,1,,G0,G2,,NGV-ARC-037,NGR-ARC-037,OUTSIDE_LOCAL_V04_GATE,quality/G0_HUMAN_APPROVAL_LEDGER.json
ARC-038,ARC,34378b6abf6e05ebeeec06ec0087df9fa4b944fc93f479099f448ba3fe9cf374,SA,SA,"SA, SO, LA, DA","T,A",architecture/LOGICAL_ARCHITECTURE.md,NG-WP-02,NG-WP-07;NG-WP-08,1,,G0,G2,,NGV-ARC-038,NGR-ARC-038,OUTSIDE_LOCAL_V04_GATE,quality/G0_HUMAN_APPROVAL_LEDGER.json
ARC-039,ARC,40445b1e8617dc9b5097da5ff10a79a2595f26aa615b27e9244a08a9aff39cd3,SA,SA,"SA, SO, LA, DA","T,E",architecture/LOGICAL_ARCHITECTURE.md,NG-WP-02,NG-WP-07;NG-WP-08,1,,G0,G2,,NGV-ARC-039,NGR-ARC-039,OUTSIDE_LOCAL_V04_GATE,quality/G0_HUMAN_APPROVAL_LEDGER.json
ARC-040,ARC,33e9eaec67f148840f561fcfc9f2b6549d7303ebed799ec067206fd14c0af420,MO,MO,"SA, SO, LA, DA","I,T,E",architecture/LOGICAL_ARCHITECTURE.md,NG-WP-02,NG-WP-07;NG-WP-08,1,,G0,G2,,NGV-ARC-040,NGR-ARC-040,OUTSIDE_LOCAL_V04_GATE,quality/G0_HUMAN_APPROVAL_LEDGER.json
SRV-001,SRV,aba4b25c16f7cf3db7cccda9b493da73422147fdf9a9c49e6f0decf275c2f456,SA,SA,"MO, SA, LA, DA, SO",T,architecture/SERVER_AND_EXECUTION.md,NG-WP-02,NG-WP-07;NG-WP-08,1,,G0,G2,,NGV-SRV-001,NGR-SRV-001,OUTSIDE_LOCAL_V04_GATE,quality/G0_HUMAN_APPROVAL_LEDGER.json
SRV-002,SRV,be58067ea26020a6574df1ba9e4b418161debcdb295256571d648718873ff640,MO,MO,"MO, SA, LA, DA, SO","T,A",architecture/SERVER_AND_EXECUTION.md,NG-WP-02,NG-WP-07;NG-WP-08,1,,G0,G2,,NGV-SRV-002,NGR-SRV-002,OUTSIDE_LOCAL_V04_GATE,quality/G0_HUMAN_APPROVAL_LEDGER.json
SRV-003,SRV,4eff1ce56fcd5c3b0e1ecc27419ce138e364b039a6e99f2c867003fc9b07133d,SA,SA,"MO, SA, LA, DA, SO",T,architecture/SERVER_AND_EXECUTION.md,NG-WP-02,NG-WP-07;NG-WP-08,1,,G0,G2,,NGV-SRV-003,NGR-SRV-003,OUTSIDE_LOCAL_V04_GATE,quality/G0_HUMAN_APPROVAL_LEDGER.json
SRV-004,SRV,d3ddd99e3a8c60e70257b8b0c0c18d0f2acdd6b46ca02f7e3107408734417ff0,MO,MO,"MO, SA, LA, DA, SO","I,T",architecture/SERVER_AND_EXECUTION.md,NG-WP-02,NG-WP-07;NG-WP-08,1,,G0,G2,,NGV-SRV-004,NGR-SRV-004,OUTSIDE_LOCAL_V04_GATE,quality/G0_HUMAN_APPROVAL_LEDGER.json
SRV-005,SRV,8e3a8d3fad8a689d4d5d7821bc04e59667f8375de12279227674303a0ae325b7,SA,SA,"PO, MO, SA, SO",T,web/OPERATING_MODES.md,NG-WP-04,NG-WP-02;NG-WP-07;NG-WP-08,3,,G0,G7,,NGV-SRV-005,NGR-SRV-005,OUTSIDE_LOCAL_V04_GATE,quality/G0_HUMAN_APPROVAL_LEDGER.json
SRV-006,SRV,77a0958493a39b48e798bf9eaa6d133ed2e351f69e73cc1dd578a27ab5795fa5,SO,SO,"PO, MO, SA, SO",T,web/OPERATING_MODES.md,NG-WP-04,NG-WP-02;NG-WP-07;NG-WP-08,3,,G0,G7,,NGV-SRV-006,NGR-SRV-006,OUTSIDE_LOCAL_V04_GATE,quality/G0_HUMAN_APPROVAL_LEDGER.json
SRV-007,SRV,560701d584547d79d2ddc0be7f0f5818b7da0c886d21b91b427acff8cfb62b66,SA,SA,"PO, MO, SA, SO",T,web/OPERATING_MODES.md,NG-WP-04,NG-WP-02;NG-WP-07;NG-WP-08,3,,G0,G7,,NGV-SRV-007,NGR-SRV-007,OUTSIDE_LOCAL_V04_GATE,quality/G0_HUMAN_APPROVAL_LEDGER.json
SRV-008,SRV,d7934b20ef38dcf830a36e04c26a70673b06cd7725534f4008ff42400380237f,MO,MO,"PO, MO, SA, SO","T,D",web/OPERATING_MODES.md,NG-WP-04,NG-WP-02;NG-WP-07;NG-WP-08,3,,G0,G7,,NGV-SRV-008,NGR-SRV-008,OUTSIDE_LOCAL_V04_GATE,quality/G0_HUMAN_APPROVAL_LEDGER.json
SRV-009,SRV,5b6beb75d8121b0008b945b87185236498cd7be8f51329f8c79994fa9194aed3,MO,MO,"PO, MO, SA, SO",T,web/OPERATING_MODES.md,NG-WP-04,NG-WP-02;NG-WP-07;NG-WP-08,3,,G0,G7,,NGV-SRV-009,NGR-SRV-009,OUTSIDE_LOCAL_V04_GATE,quality/G0_HUMAN_APPROVAL_LEDGER.json
SRV-010,SRV,93560c4fe5876c870f59cf8d91bb229350478c778611aed9346ed9c07e16d2c2,SA,SA,"MO, SA, LA, DA, SO","T,A",architecture/SERVER_AND_EXECUTION.md,NG-WP-02,NG-WP-07;NG-WP-08,1,,G0,G2,,NGV-SRV-010,NGR-SRV-010,OUTSIDE_LOCAL_V04_GATE,quality/G0_HUMAN_APPROVAL_LEDGER.json
SRV-011,SRV,c2f9ac5e55b6016c45134aff922e58539c3e231a4f3095135ff9f9a828fe9ce3,SA,SA,"MO, SA, LA, DA, SO",T,architecture/SERVER_AND_EXECUTION.md,NG-WP-02,NG-WP-07;NG-WP-08,1,,G0,G2,,NGV-SRV-011,NGR-SRV-011,OUTSIDE_LOCAL_V04_GATE,quality/G0_HUMAN_APPROVAL_LEDGER.json
SRV-012,SRV,85b8d479c13444a85fe7daff5cade31d3d5a977faa7484808dfd12ea14060ea2,CM,CM,"MO, SA, LA, DA, SO","T,D",architecture/SERVER_AND_EXECUTION.md,NG-WP-02,NG-WP-07;NG-WP-08,1,,G0,G2,,NGV-SRV-012,NGR-SRV-012,OUTSIDE_LOCAL_V04_GATE,quality/G0_HUMAN_APPROVAL_LEDGER.json
SRV-013,SRV,60c14bcfa6037e7b8b68cc554296da63a630e1ddbf27e2ace7a99342ebcff3f4,SA,SA,"MO, SA, LA, DA, SO","I,T",architecture/SERVER_AND_EXECUTION.md,NG-WP-02,NG-WP-07;NG-WP-08,1,,G0,G2,,NGV-SRV-013,NGR-SRV-013,OUTSIDE_LOCAL_V04_GATE,quality/G0_HUMAN_APPROVAL_LEDGER.json
SRV-014,SRV,4cff92f596a2f68d279b525f8b0dfc15e85b7babb62a189b4ba521cf479262ed,SA,SA,"PO, MO, SA, SO","T,A",web/OPERATING_MODES.md,NG-WP-04,NG-WP-02;NG-WP-07;NG-WP-08,3,,G0,G7,,NGV-SRV-014,NGR-SRV-014,OUTSIDE_LOCAL_V04_GATE,quality/G0_HUMAN_APPROVAL_LEDGER.json
SRV-015,SRV,db998ad30bb4eb46300ed989090ccd3a56b76945addf4c650209457d7014b070,SA,SA,"PO, MO, SA, SO",T,web/OPERATING_MODES.md,NG-WP-04,NG-WP-02;NG-WP-07;NG-WP-08,3,,G0,G7,,NGV-SRV-015,NGR-SRV-015,OUTSIDE_LOCAL_V04_GATE,quality/G0_HUMAN_APPROVAL_LEDGER.json
SRV-016,SRV,3674e9419c567891a022ace1f7cf8da5947af6660c5bc2f4be3e86bf0a2c0d28,SA,SA,"PO, MO, SA, SO",T,web/OPERATING_MODES.md,NG-WP-04,NG-WP-02;NG-WP-07;NG-WP-08,3,,G0,G7,,NGV-SRV-016,NGR-SRV-016,OUTSIDE_LOCAL_V04_GATE,quality/G0_HUMAN_APPROVAL_LEDGER.json
SRV-017,SRV,63a6bbab5e1f9ec2e55d5e56831a349c067311f3668c114d4a5c2cbcb635eb6c,MO,MO,"PO, MO, SA, SO","T,D",web/OPERATING_MODES.md,NG-WP-04,NG-WP-02;NG-WP-07;NG-WP-08,3,,G0,G7,,NGV-SRV-017,NGR-SRV-017,OUTSIDE_LOCAL_V04_GATE,quality/G0_HUMAN_APPROVAL_LEDGER.json
SRV-018,SRV,487185e7ebe3469e9a3c01a4f8b9099dc0e7ca6ab55e407aa3f8dd31be144765,DA,DA,"MO, SA, LA, DA, SO","I,T",architecture/SERVER_AND_EXECUTION.md,NG-WP-02,NG-WP-07;NG-WP-08,1,,G0,G2,,NGV-SRV-018,NGR-SRV-018,OUTSIDE_LOCAL_V04_GATE,quality/G0_HUMAN_APPROVAL_LEDGER.json
SRV-019,SRV,6e493febb4499fcc2a38447073cbfbc13297d2748652a512b468470edac1591b,DA,DA,"MO, SA, LA, DA, SO",T,architecture/SERVER_AND_EXECUTION.md,NG-WP-02,NG-WP-07;NG-WP-08,1,,G0,G2,,NGV-SRV-019,NGR-SRV-019,OUTSIDE_LOCAL_V04_GATE,quality/G0_HUMAN_APPROVAL_LEDGER.json
SRV-020,SRV,43bc36c04d5e282a9d0543c2dfc6e01b327daede5ba828272bbb10a16af6d538,DA,DA,"MO, SA, LA, DA, SO",T,architecture/SERVER_AND_EXECUTION.md,NG-WP-02,NG-WP-07;NG-WP-08,1,,G0,G2,,NGV-SRV-020,NGR-SRV-020,OUTSIDE_LOCAL_V04_GATE,quality/G0_HUMAN_APPROVAL_LEDGER.json
SRV-021,SRV,f09bf5a865aeda5384f38102d1333480e987ceff24be95dad354c3c16436d031,SA,SA,"PO, MO, SA, SO","I,T",web/OPERATING_MODES.md,NG-WP-04,NG-WP-02;NG-WP-07;NG-WP-08,3,,G0,G7,,NGV-SRV-021,NGR-SRV-021,OUTSIDE_LOCAL_V04_GATE,quality/G0_HUMAN_APPROVAL_LEDGER.json
SRV-022,SRV,47cc579e1fe0d2a381a3ff7e68b5046e5e2443f822edb7f10f0383d4a65102a0,SA,SA,"MO, SA, LA, DA, SO","T,A",architecture/SERVER_AND_EXECUTION.md,NG-WP-02,NG-WP-07;NG-WP-08,1,,G0,G2,,NGV-SRV-022,NGR-SRV-022,OUTSIDE_LOCAL_V04_GATE,quality/G0_HUMAN_APPROVAL_LEDGER.json
EXEC-001,EXEC,94a655732d4b004dace26015e4a9859f167dcf022e0e568bcc14396b3d42a6e9,LA,LA,"MO, SA, LA, DA, SO",T,architecture/SERVER_AND_EXECUTION.md,NG-WP-02,NG-WP-03;NG-WP-07;NG-WP-08,2,,G0,G2,,NGV-EXEC-001,NGR-EXEC-001,OUTSIDE_LOCAL_V04_GATE,quality/G0_HUMAN_APPROVAL_LEDGER.json
EXEC-002,EXEC,4a3b383939983bafc6298e7d6bcf18f4fd2d17fe1a0b491843e1d0b9dd6b3603,LA,LA,"MO, SA, LA, DA, SO","T,A",architecture/SERVER_AND_EXECUTION.md,NG-WP-02,NG-WP-03;NG-WP-07;NG-WP-08,2,,G0,G2,,NGV-EXEC-002,NGR-EXEC-002,OUTSIDE_LOCAL_V04_GATE,quality/G0_HUMAN_APPROVAL_LEDGER.json
EXEC-003,EXEC,606e11858fbc7abcc0acf2a9db238a7b83d1342d5c37603f2d65f2f6b4ef99e3,SO,SO,"MO, SA, LA, DA, SO",T,architecture/SERVER_AND_EXECUTION.md,NG-WP-02,NG-WP-03;NG-WP-07;NG-WP-08,2,,G0,G2,,NGV-EXEC-003,NGR-EXEC-003,OUTSIDE_LOCAL_V04_GATE,quality/G0_HUMAN_APPROVAL_LEDGER.json
EXEC-004,EXEC,932bd8f23e9b1a9effe047215863b6eedb5ed9b6d1401a5bd946c22ea01bf98e,SA,SA,"MO, SA, LA, DA, SO",T,architecture/SERVER_AND_EXECUTION.md,NG-WP-02,NG-WP-03;NG-WP-07;NG-WP-08,2,,G0,G2,,NGV-EXEC-004,NGR-EXEC-004,OUTSIDE_LOCAL_V04_GATE,quality/G0_HUMAN_APPROVAL_LEDGER.json
EXEC-005,EXEC,fd0a4c28ae81ffba76f229479fc932d12adc0fabf97e965046ed90d62c641fe8,LA,LA,"MO, SA, LA, DA, SO","I,T",architecture/SERVER_AND_EXECUTION.md,NG-WP-02,NG-WP-03;NG-WP-07;NG-WP-08,2,,G0,G2,,NGV-EXEC-005,NGR-EXEC-005,OUTSIDE_LOCAL_V04_GATE,quality/G0_HUMAN_APPROVAL_LEDGER.json
EXEC-006,EXEC,665687469f25c9a6703d189ec086c23f53d5386569b4483edb7e7d1339929451,MO,MO,"MO, SA, LA, DA, SO",T,architecture/SERVER_AND_EXECUTION.md,NG-WP-02,NG-WP-03;NG-WP-07;NG-WP-08,2,,G0,G2,,NGV-EXEC-006,NGR-EXEC-006,OUTSIDE_LOCAL_V04_GATE,quality/G0_HUMAN_APPROVAL_LEDGER.json
EXEC-007,EXEC,30d5f6497fee0efedb2696d457410786900254f7dba28fe7a34d454635ec53bf,MO,MO,"MO, SA, LA, DA, SO",T,architecture/SERVER_AND_EXECUTION.md,NG-WP-02,NG-WP-03;NG-WP-07;NG-WP-08,2,,G0,G2,,NGV-EXEC-007,NGR-EXEC-007,OUTSIDE_LOCAL_V04_GATE,quality/G0_HUMAN_APPROVAL_LEDGER.json
EXEC-008,EXEC,4ba68900d835dde13db3f224006ea7b8d47476c50bf91ec7ea131451d0e246e2,LA,LA,"MO, SA, LA, DA, SO",T,architecture/SERVER_AND_EXECUTION.md,NG-WP-02,NG-WP-03;NG-WP-07;NG-WP-08,2,,G0,G2,,NGV-EXEC-008,NGR-EXEC-008,OUTSIDE_LOCAL_V04_GATE,quality/G0_HUMAN_APPROVAL_LEDGER.json
EXEC-009,EXEC,71d8d9a7c01ebdd1f365a9192adda67e9f3ea19d3936bbf9a69be21c0bc74a16,DA,DA,"MO, SA, LA, DA, SO",T,architecture/SERVER_AND_EXECUTION.md,NG-WP-02,NG-WP-03;NG-WP-07;NG-WP-08,2,,G0,G2,,NGV-EXEC-009,NGR-EXEC-009,OUTSIDE_LOCAL_V04_GATE,quality/G0_HUMAN_APPROVAL_LEDGER.json
EXEC-010,EXEC,2bbba304666c4a47a65ee31d4061e974ab511d0fbf911235da346693419b95bf,MO,MO,"MO, SA, LA, DA, SO",T,architecture/SERVER_AND_EXECUTION.md,NG-WP-02,NG-WP-03;NG-WP-07;NG-WP-08,2,,G0,G2,,NGV-EXEC-010,NGR-EXEC-010,OUTSIDE_LOCAL_V04_GATE,quality/G0_HUMAN_APPROVAL_LEDGER.json
EXEC-011,EXEC,1da41b6be5ed0fb52caef0970cf7b135472ce2cedf6eeaa40653c25051e65146,SA,SA,"MO, SA, LA, DA, SO","T,A",architecture/SERVER_AND_EXECUTION.md,NG-WP-02,NG-WP-03;NG-WP-07;NG-WP-08,2,,G0,G2,,NGV-EXEC-011,NGR-EXEC-011,OUTSIDE_LOCAL_V04_GATE,quality/G0_HUMAN_APPROVAL_LEDGER.json
EXEC-012,EXEC,bbed0e6555de3b5dcd7f81407d77939ccc160e89fca08e23bf2ac2970d04fffe,DA,DA,"MO, SA, LA, DA, SO",T,architecture/SERVER_AND_EXECUTION.md,NG-WP-02,NG-WP-03;NG-WP-07;NG-WP-08,2,,G0,G2,,NGV-EXEC-012,NGR-EXEC-012,OUTSIDE_LOCAL_V04_GATE,quality/G0_HUMAN_APPROVAL_LEDGER.json
EXEC-013,EXEC,95f7d941e9de2a4350358289610367c6feeab18ae5812cc7e0c8f5fe594cf35f,LA,LA,"MO, SA, LA, DA, SO",T,architecture/SERVER_AND_EXECUTION.md,NG-WP-02,NG-WP-03;NG-WP-07;NG-WP-08,2,,G0,G2,,NGV-EXEC-013,NGR-EXEC-013,OUTSIDE_LOCAL_V04_GATE,quality/G0_HUMAN_APPROVAL_LEDGER.json
EXEC-014,EXEC,4c22bf5588c5b7eeceb58aee3644aecc14ddfdcab1043f2b9fca2150aaabae59,QL,QL,"MO, SA, LA, DA, SO","T,D",architecture/SERVER_AND_EXECUTION.md,NG-WP-02,NG-WP-03;NG-WP-07;NG-WP-08,2,,G0,G2,,NGV-EXEC-014,NGR-EXEC-014,OUTSIDE_LOCAL_V04_GATE,quality/G0_HUMAN_APPROVAL_LEDGER.json
EXEC-015,EXEC,80367c3719a13860d36c72d5adc6289ba2663a4fdf904f7df76d62ce98713e06,LA,LA,"MO, SA, LA, DA, SO",T,architecture/SERVER_AND_EXECUTION.md,NG-WP-02,NG-WP-03;NG-WP-07;NG-WP-08,2,,G0,G2,,NGV-EXEC-015,NGR-EXEC-015,OUTSIDE_LOCAL_V04_GATE,quality/G0_HUMAN_APPROVAL_LEDGER.json
EXEC-016,EXEC,c8754299545103484287bb2d615822692d3cf97366a2081aff466b2edb9663bb,SA,SA,"MO, SA, LA, DA, SO",T,architecture/SERVER_AND_EXECUTION.md,NG-WP-02,NG-WP-03;NG-WP-07;NG-WP-08,2,,G0,G2,,NGV-EXEC-016,NGR-EXEC-016,OUTSIDE_LOCAL_V04_GATE,quality/G0_HUMAN_APPROVAL_LEDGER.json
EXEC-017,EXEC,04ad7fda9c025f81e529933443bca134e47f64c36f82a78c20b306a277609952,SA,SA,"MO, SA, LA, DA, SO",T,architecture/SERVER_AND_EXECUTION.md,NG-WP-02,NG-WP-03;NG-WP-07;NG-WP-08,2,,G0,G2,,NGV-EXEC-017,NGR-EXEC-017,OUTSIDE_LOCAL_V04_GATE,quality/G0_HUMAN_APPROVAL_LEDGER.json
EXEC-018,EXEC,7e4c7105ac191d8e59b714a4108e85404b8495f76d281f97276fd3cd57039d98,SO,SO,"MO, SA, LA, DA, SO","I,T",architecture/SERVER_AND_EXECUTION.md,NG-WP-02,NG-WP-03;NG-WP-07;NG-WP-08,2,,G0,G2,,NGV-EXEC-018,NGR-EXEC-018,OUTSIDE_LOCAL_V04_GATE,quality/G0_HUMAN_APPROVAL_LEDGER.json
EXEC-019,EXEC,762bf33def8a1699dc5eaceea91bad9fdf0a8f6771ee2f4bd186b56eaf528d95,SA,SA,"MO, SA, LA, DA, SO",T,architecture/SERVER_AND_EXECUTION.md,NG-WP-02,NG-WP-03;NG-WP-07;NG-WP-08,2,,G0,G2,,NGV-EXEC-019,NGR-EXEC-019,OUTSIDE_LOCAL_V04_GATE,quality/G0_HUMAN_APPROVAL_LEDGER.json
EXEC-020,EXEC,389d0f482a8bc55223d53fb00574fe6e327f56937fda698a7555ec9c53402ba0,DA,DA,"MO, SA, LA, DA, SO",T,architecture/SERVER_AND_EXECUTION.md,NG-WP-02,NG-WP-03;NG-WP-07;NG-WP-08,2,,G0,G2,,NGV-EXEC-020,NGR-EXEC-020,OUTSIDE_LOCAL_V04_GATE,quality/G0_HUMAN_APPROVAL_LEDGER.json
EXEC-021,EXEC,0042e1255642cb80d469f5f0b389a35ea438d51bc6df8f5ffbc8581abb19eaef,MO,MO,"MO, SA, LA, DA, SO",T,architecture/SERVER_AND_EXECUTION.md,NG-WP-02,NG-WP-03;NG-WP-07;NG-WP-08,2,,G0,G2,,NGV-EXEC-021,NGR-EXEC-021,OUTSIDE_LOCAL_V04_GATE,quality/G0_HUMAN_APPROVAL_LEDGER.json
EXEC-022,EXEC,5a692497bdc44a5ca5cd342e2661ed8388941a5eaf6e2214435ad394f8e0405b,MO,MO,"MO, SA, LA, DA, SO",T,architecture/SERVER_AND_EXECUTION.md,NG-WP-02,NG-WP-03;NG-WP-07;NG-WP-08,2,,G0,G2,,NGV-EXEC-022,NGR-EXEC-022,OUTSIDE_LOCAL_V04_GATE,quality/G0_HUMAN_APPROVAL_LEDGER.json
EXEC-023,EXEC,ab0fbc4e42a4fa65356e76dbfa39a0436f3b0c93c648b6634cc4f370459009a3,MO,MO,"MO, SA, LA, DA, SO","T,D",architecture/SERVER_AND_EXECUTION.md,NG-WP-02,NG-WP-03;NG-WP-07;NG-WP-08,2,,G0,G2,,NGV-EXEC-023,NGR-EXEC-023,OUTSIDE_LOCAL_V04_GATE,quality/G0_HUMAN_APPROVAL_LEDGER.json
EXEC-024,EXEC,9ab5f3c766e3ad4e9c6b03a7c1dcf2bbd05f5900c960219edced47b27d604f13,MO,MO,"MO, SA, LA, DA, SO",T,architecture/SERVER_AND_EXECUTION.md,NG-WP-02,NG-WP-03;NG-WP-07;NG-WP-08,2,,G0,G2,,NGV-EXEC-024,NGR-EXEC-024,OUTSIDE_LOCAL_V04_GATE,quality/G0_HUMAN_APPROVAL_LEDGER.json
EXEC-025,EXEC,100d6f4837d6d3a92e4511566e63857839779f54464f2a7dbccb72a1113b2b25,QL,QL,"MO, SA, LA, DA, SO",T,architecture/SERVER_AND_EXECUTION.md,NG-WP-02,NG-WP-03;NG-WP-07;NG-WP-08,2,,G0,G2,,NGV-EXEC-025,NGR-EXEC-025,OUTSIDE_LOCAL_V04_GATE,quality/G0_HUMAN_APPROVAL_LEDGER.json
EXEC-026,EXEC,0c185f8fc844533949c4e0fead3191ce9b42aee49f3dd99c8df1d747fcb3da8e,MO,MO,"MO, SA, LA, DA, SO",T,architecture/SERVER_AND_EXECUTION.md,NG-WP-02,NG-WP-03;NG-WP-07;NG-WP-08,2,,G0,G2,,NGV-EXEC-026,NGR-EXEC-026,OUTSIDE_LOCAL_V04_GATE,quality/G0_HUMAN_APPROVAL_LEDGER.json
EXEC-027,EXEC,b33dda7519e89046d76faa967ebe8635fd3166a8e0d24ad062dee9eb5c16f2e7,QL,QL,"MO, SA, LA, DA, SO","I,T",architecture/SERVER_AND_EXECUTION.md,NG-WP-02,NG-WP-03;NG-WP-07;NG-WP-08,2,,G0,G2,,NGV-EXEC-027,NGR-EXEC-027,OUTSIDE_LOCAL_V04_GATE,quality/G0_HUMAN_APPROVAL_LEDGER.json
EXEC-028,EXEC,bbbcf0c00aef1c355eabbb12f517e42ff2469e36e0951abd2fde58a51c21d0ec,SO,SO,"MO, SA, LA, DA, SO","I,T,A",architecture/SERVER_AND_EXECUTION.md,NG-WP-02,NG-WP-03;NG-WP-07;NG-WP-08,2,,G0,G2,,NGV-EXEC-028,NGR-EXEC-028,OUTSIDE_LOCAL_V04_GATE,quality/G0_HUMAN_APPROVAL_LEDGER.json
COM-001,COM,906db0e353284a759b6dcfbfc1e40a9142d0dbe26f7d9a4db10a9350005b4cb1,SO,SO,"SA, SO, MO","I,T",architecture/REAL_TIME_COMMUNICATIONS.md,NG-WP-02,NG-WP-03;NG-WP-07;NG-WP-08,1,,G0,G2,,NGV-COM-001,NGR-COM-001,OUTSIDE_LOCAL_V04_GATE,quality/G0_HUMAN_APPROVAL_LEDGER.json
COM-002,COM,88938da29f55dc2a2039141d8b9641a3d28bc3db6682b6dbce25e9f317af1dc8,SA,SA,"SA, SO, MO","I,T",architecture/REAL_TIME_COMMUNICATIONS.md,NG-WP-02,NG-WP-03;NG-WP-07;NG-WP-08,1,,G0,G2,,NGV-COM-002,NGR-COM-002,OUTSIDE_LOCAL_V04_GATE,quality/G0_HUMAN_APPROVAL_LEDGER.json
COM-003,COM,17a581a859acbca1139220c9450541c108700d55f3e6ff64bcec0aea2fa7ef7f,SA,SA,"SA, SO, MO",T,architecture/REAL_TIME_COMMUNICATIONS.md,NG-WP-02,NG-WP-03;NG-WP-07;NG-WP-08,1,,G0,G2,,NGV-COM-003,NGR-COM-003,OUTSIDE_LOCAL_V04_GATE,quality/G0_HUMAN_APPROVAL_LEDGER.json
COM-004,COM,1a4c13969e5abd6875ba17530d06661d5152a2ba63d7aaf65e7790edf9651465,SA,SA,"SA, SO, MO",T,architecture/REAL_TIME_COMMUNICATIONS.md,NG-WP-02,NG-WP-03;NG-WP-07;NG-WP-08,1,,G0,G2,,NGV-COM-004,NGR-COM-004,OUTSIDE_LOCAL_V04_GATE,quality/G0_HUMAN_APPROVAL_LEDGER.json
COM-005,COM,755fcd608e1bab3110aeebb1b94e2b3aebe03935a3ebce5294cde2ec4822c07a,SA,SA,"SA, SO, MO",T,architecture/REAL_TIME_COMMUNICATIONS.md,NG-WP-02,NG-WP-03;NG-WP-07;NG-WP-08,1,,G0,G2,,NGV-COM-005,NGR-COM-005,OUTSIDE_LOCAL_V04_GATE,quality/G0_HUMAN_APPROVAL_LEDGER.json
COM-006,COM,d13c7d838cd5c3fd643b202cca6636aeb93ad99cbd11fc73d366c5c33df498d9,QL,QL,"SA, SO, MO","T,D",architecture/REAL_TIME_COMMUNICATIONS.md,NG-WP-02,NG-WP-03;NG-WP-07;NG-WP-08,1,,G0,G2,,NGV-COM-006,NGR-COM-006,OUTSIDE_LOCAL_V04_GATE,quality/G0_HUMAN_APPROVAL_LEDGER.json
COM-007,COM,f98f1b37145690f43bb157adb55d01979a0f7b397efd1cffd67cbb2dd45ea65c,SA,SA,"SA, SO, MO","I,T",architecture/REAL_TIME_COMMUNICATIONS.md,NG-WP-02,NG-WP-03;NG-WP-07;NG-WP-08,1,,G0,G2,,NGV-COM-007,NGR-COM-007,OUTSIDE_LOCAL_V04_GATE,quality/G0_HUMAN_APPROVAL_LEDGER.json
COM-008,COM,41d2a73649368dbc6fad4b599269d8b4369dc90df80c7d3fc9f9cf465d73c827,SA,SA,"SA, SO, MO",T,architecture/REAL_TIME_COMMUNICATIONS.md,NG-WP-02,NG-WP-03;NG-WP-07;NG-WP-08,1,,G0,G2,,NGV-COM-008,NGR-COM-008,OUTSIDE_LOCAL_V04_GATE,quality/G0_HUMAN_APPROVAL_LEDGER.json
COM-009,COM,350e13124c133037d6c54f734062fb46e65007774d58ea544ca25009bcdfff56,SO,SO,"SA, SO, MO","I,T",architecture/REAL_TIME_COMMUNICATIONS.md,NG-WP-02,NG-WP-03;NG-WP-07;NG-WP-08,1,,G0,G2,,NGV-COM-009,NGR-COM-009,OUTSIDE_LOCAL_V04_GATE,quality/G0_HUMAN_APPROVAL_LEDGER.json
COM-010,COM,678532af762e617b9161fa3d543a9a31710b57daaab654f34385e4928c17910a,DA,DA,"SA, SO, MO",T,architecture/REAL_TIME_COMMUNICATIONS.md,NG-WP-02,NG-WP-03;NG-WP-07;NG-WP-08,1,,G0,G2,,NGV-COM-010,NGR-COM-010,OUTSIDE_LOCAL_V04_GATE,quality/G0_HUMAN_APPROVAL_LEDGER.json
COM-011,COM,8f55d0f953c2d6cdb4dc47c3ec5ced4948248931144c6cd0612ec312965b2ff1,SA,SA,"SA, SO, MO","I,T",architecture/REAL_TIME_COMMUNICATIONS.md,NG-WP-02,NG-WP-03;NG-WP-07;NG-WP-08,1,,G0,G2,,NGV-COM-011,NGR-COM-011,OUTSIDE_LOCAL_V04_GATE,quality/G0_HUMAN_APPROVAL_LEDGER.json
COM-012,COM,7dc5ab154de86459588ac0eafe209ec3fb68de2f6ff6d8261806018691bf5acc,SA,SA,"SA, SO, MO",T,architecture/REAL_TIME_COMMUNICATIONS.md,NG-WP-02,NG-WP-03;NG-WP-07;NG-WP-08,1,,G0,G2,,NGV-COM-012,NGR-COM-012,OUTSIDE_LOCAL_V04_GATE,quality/G0_HUMAN_APPROVAL_LEDGER.json
COM-013,COM,483d1467c3399d42aed7912abfa020bc06480a9367ff0e5d479c3e0b14962937,SO,SO,"SA, SO, MO","I,T",architecture/REAL_TIME_COMMUNICATIONS.md,NG-WP-02,NG-WP-03;NG-WP-07;NG-WP-08,1,,G0,G2,,NGV-COM-013,NGR-COM-013,OUTSIDE_LOCAL_V04_GATE,quality/G0_HUMAN_APPROVAL_LEDGER.json
COM-014,COM,40cb750868710349959076260b36152d6a17789b11cd3bf0fbf7a44a1cc63fc6,SA,SA,"SA, SO, MO",T,architecture/REAL_TIME_COMMUNICATIONS.md,NG-WP-02,NG-WP-03;NG-WP-07;NG-WP-08,1,,G0,G2,,NGV-COM-014,NGR-COM-014,OUTSIDE_LOCAL_V04_GATE,quality/G0_HUMAN_APPROVAL_LEDGER.json
COM-015,COM,16b2fe887e2734737a1e5c54a77b65e17e242ba2b0a7db9d51026e335c0090ae,SO,SO,"SA, SO, MO",T,architecture/REAL_TIME_COMMUNICATIONS.md,NG-WP-02,NG-WP-03;NG-WP-07;NG-WP-08,1,,G0,G2,,NGV-COM-015,NGR-COM-015,OUTSIDE_LOCAL_V04_GATE,quality/G0_HUMAN_APPROVAL_LEDGER.json
COM-016,COM,5d853ff80c4a2878aca71c9c92991fcb7604500ce6a9b4e7bc5a3604e10207f4,SA,SA,"SA, SO, MO",T,architecture/REAL_TIME_COMMUNICATIONS.md,NG-WP-02,NG-WP-03;NG-WP-07;NG-WP-08,1,,G0,G2,,NGV-COM-016,NGR-COM-016,OUTSIDE_LOCAL_V04_GATE,quality/G0_HUMAN_APPROVAL_LEDGER.json
COM-017,COM,c40aae6b83a11c72e462db1a04bee1bf74b0862a9dcd44742bb4062fb1a1eaa4,SA,SA,"SA, SO, MO",T,architecture/REAL_TIME_COMMUNICATIONS.md,NG-WP-02,NG-WP-03;NG-WP-07;NG-WP-08,1,,G0,G2,,NGV-COM-017,NGR-COM-017,OUTSIDE_LOCAL_V04_GATE,quality/G0_HUMAN_APPROVAL_LEDGER.json
COM-018,COM,d9ed9e1ce1cbd389b46db6863de0d5b2502da85d354f91de9ddd6ed5c8ea1945,SA,SA,"SA, SO, MO",T,architecture/REAL_TIME_COMMUNICATIONS.md,NG-WP-02,NG-WP-03;NG-WP-07;NG-WP-08,1,,G0,G2,,NGV-COM-018,NGR-COM-018,OUTSIDE_LOCAL_V04_GATE,quality/G0_HUMAN_APPROVAL_LEDGER.json
COM-019,COM,c87254f71fb01f3ef9b5c9cea3a081df563e8dcb269c582d6a8a124cb6e33d5a,SA,SA,"SA, SO, MO","T,A",architecture/REAL_TIME_COMMUNICATIONS.md,NG-WP-02,NG-WP-03;NG-WP-07;NG-WP-08,1,,G0,G2,,NGV-COM-019,NGR-COM-019,OUTSIDE_LOCAL_V04_GATE,quality/G0_HUMAN_APPROVAL_LEDGER.json
COM-020,COM,9540e44aef919f9347300c83162eec3966cf60959a0878ce68f4a136d60e5d3c,DA,DA,"SA, SO, MO",T,architecture/REAL_TIME_COMMUNICATIONS.md,NG-WP-02,NG-WP-03;NG-WP-07;NG-WP-08,1,,G0,G2,,NGV-COM-020,NGR-COM-020,OUTSIDE_LOCAL_V04_GATE,quality/G0_HUMAN_APPROVAL_LEDGER.json
COM-021,COM,29f33038a603d6fcbc72c4d2a10900afda6b6f46698c5a2486a42d32a6f2d70d,SA,SA,"SA, SO, MO",T,architecture/REAL_TIME_COMMUNICATIONS.md,NG-WP-02,NG-WP-03;NG-WP-07;NG-WP-08,1,,G0,G2,,NGV-COM-021,NGR-COM-021,OUTSIDE_LOCAL_V04_GATE,quality/G0_HUMAN_APPROVAL_LEDGER.json
COM-022,COM,9a9684893dd03ac29c9c6e0ff9fef50fbd6212bf43b9df8575344f5bb8984f1c,SO,SO,"SA, SO, MO","I,T",architecture/REAL_TIME_COMMUNICATIONS.md,NG-WP-02,NG-WP-03;NG-WP-07;NG-WP-08,1,,G0,G2,,NGV-COM-022,NGR-COM-022,OUTSIDE_LOCAL_V04_GATE,quality/G0_HUMAN_APPROVAL_LEDGER.json
COM-023,COM,1807fac76f1642b8057d9d05a44d9f3705e48af70056c53586d7964d4544b9cc,DA,DA,"SA, SO, MO",T,architecture/REAL_TIME_COMMUNICATIONS.md,NG-WP-02,NG-WP-03;NG-WP-07;NG-WP-08,1,,G0,G2,,NGV-COM-023,NGR-COM-023,OUTSIDE_LOCAL_V04_GATE,quality/G0_HUMAN_APPROVAL_LEDGER.json
COM-024,COM,6d9b0903081f1e9446bdd322201c6b5adf48450dc1d9d0037cd4502583ac5884,SO,SO,"SA, SO, MO",T,architecture/REAL_TIME_COMMUNICATIONS.md,NG-WP-02,NG-WP-03;NG-WP-07;NG-WP-08,1,,G0,G2,,NGV-COM-024,NGR-COM-024,OUTSIDE_LOCAL_V04_GATE,quality/G0_HUMAN_APPROVAL_LEDGER.json
COM-025,COM,be27153b5aef5012b0db433c3c09e27273c3892f1d5fd9b4098160e8bade0e53,QL,QL,"SA, SO, MO","I,T",architecture/REAL_TIME_COMMUNICATIONS.md,NG-WP-02,NG-WP-03;NG-WP-07;NG-WP-08,1,,G0,G2,,NGV-COM-025,NGR-COM-025,OUTSIDE_LOCAL_V04_GATE,quality/G0_HUMAN_APPROVAL_LEDGER.json
COM-026,COM,1614b620fac7c27df56559103d4696c5a2ba57948b6ce715090ff1b71c898c12,SA,SA,"SA, SO, MO","A,T",architecture/REAL_TIME_COMMUNICATIONS.md,NG-WP-02,NG-WP-03;NG-WP-07;NG-WP-08,1,,G0,G2,,NGV-COM-026,NGR-COM-026,OUTSIDE_LOCAL_V04_GATE,quality/G0_HUMAN_APPROVAL_LEDGER.json
COM-027,COM,81f6138f0335249e750ca2f54d24b72c44c2a0c51399e901e0b81bc393128acf,SA,SA,"SA, SO, MO",T,architecture/REAL_TIME_COMMUNICATIONS.md,NG-WP-02,NG-WP-03;NG-WP-07;NG-WP-08,1,,G0,G2,,NGV-COM-027,NGR-COM-027,OUTSIDE_LOCAL_V04_GATE,quality/G0_HUMAN_APPROVAL_LEDGER.json
DATA-001,DATA,174c1813717ffaf386fe0b750053bd181a0b562fb7f08cef51ffab1d009cb298,SA,SA,"SA, DA, SO, CM","I,T",architecture/DATA_ARCHITECTURE.md,NG-WP-02,NG-WP-07;NG-WP-08,1,,G0,G2,,NGV-DATA-001,NGR-DATA-001,OUTSIDE_LOCAL_V04_GATE,quality/G0_HUMAN_APPROVAL_LEDGER.json
DATA-002,DATA,3b567b3a264b2530fcd7c04383386713b630fa2face395e8175eb5963ca2a6bf,SA,SA,"SA, DA, SO, CM",T,architecture/DATA_ARCHITECTURE.md,NG-WP-02,NG-WP-07;NG-WP-08,1,,G0,G2,,NGV-DATA-002,NGR-DATA-002,OUTSIDE_LOCAL_V04_GATE,quality/G0_HUMAN_APPROVAL_LEDGER.json
DATA-003,DATA,6623af991ad44e5feaceea21aec65c41b78e23c0797d7d26a892ab3401d638e3,CM,CM,"SA, DA, SO, CM","T,D",architecture/DATA_ARCHITECTURE.md,NG-WP-02,NG-WP-07;NG-WP-08,1,,G0,G2,,NGV-DATA-003,NGR-DATA-003,OUTSIDE_LOCAL_V04_GATE,quality/G0_HUMAN_APPROVAL_LEDGER.json
DATA-004,DATA,a5c3ea4e1348030546c04e3e120a33641a41202e2c6a59945ad9e7c6aff653cf,SO,SO,"SA, DA, SO, CM",T,architecture/DATA_ARCHITECTURE.md,NG-WP-02,NG-WP-07;NG-WP-08,1,,G0,G2,,NGV-DATA-004,NGR-DATA-004,OUTSIDE_LOCAL_V04_GATE,quality/G0_HUMAN_APPROVAL_LEDGER.json
DATA-005,DATA,bea14b1ffbda5160d07be3f676e75de67cc3d287f310e0875c14f10bbb311cbf,SA,SA,"SA, DA, SO, CM","A,T",architecture/DATA_ARCHITECTURE.md,NG-WP-02,NG-WP-07;NG-WP-08,1,,G0,G2,,NGV-DATA-005,NGR-DATA-005,OUTSIDE_LOCAL_V04_GATE,quality/G0_HUMAN_APPROVAL_LEDGER.json
DATA-006,DATA,2201cb5dec7b6fcf4045d76f0c9074d4914fd7cf7c299e3ed854ad1be1b1ba16,DA,DA,"SA, DA, SO, CM",T,architecture/DATA_ARCHITECTURE.md,NG-WP-02,NG-WP-07;NG-WP-08,1,,G0,G2,,NGV-DATA-006,NGR-DATA-006,OUTSIDE_LOCAL_V04_GATE,quality/G0_HUMAN_APPROVAL_LEDGER.json
DATA-007,DATA,7a92043023ce119708be2cb389ec55b444d381b07faaf19a6c9cd25636182806,SO,SO,"SA, DA, SO, CM","I,T",architecture/DATA_ARCHITECTURE.md,NG-WP-02,NG-WP-07;NG-WP-08,1,,G0,G2,,NGV-DATA-007,NGR-DATA-007,OUTSIDE_LOCAL_V04_GATE,quality/G0_HUMAN_APPROVAL_LEDGER.json
DATA-008,DATA,ff399a2882d13f4fea3313de27b350022a14a4b44888065f51e86a087166b292,SO,SO,"SA, DA, SO, CM","I,T",architecture/DATA_ARCHITECTURE.md,NG-WP-02,NG-WP-07;NG-WP-08,1,,G0,G2,,NGV-DATA-008,NGR-DATA-008,OUTSIDE_LOCAL_V04_GATE,quality/G0_HUMAN_APPROVAL_LEDGER.json
DATA-009,DATA,25737d0476ded111be429edea4d8068d7d37974a9e57ee2cc30588c5a92668ec,SO,SO,"SA, DA, SO, CM","I,T",architecture/DATA_ARCHITECTURE.md,NG-WP-02,NG-WP-07;NG-WP-08,1,,G0,G2,,NGV-DATA-009,NGR-DATA-009,OUTSIDE_LOCAL_V04_GATE,quality/G0_HUMAN_APPROVAL_LEDGER.json
DATA-010,DATA,1736de88804817f97a96d64830de2cfc966b0eb7956f771cd9cdd10a7b80443e,CM,CM,"SA, DA, SO, CM","T,E",architecture/DATA_ARCHITECTURE.md,NG-WP-02,NG-WP-07;NG-WP-08,1,,G0,G2,,NGV-DATA-010,NGR-DATA-010,OUTSIDE_LOCAL_V04_GATE,quality/G0_HUMAN_APPROVAL_LEDGER.json
DATA-011,DATA,c48e802722f49ab508960cbb9679cf1ef2c07b0d2894272e4ff5e154e144f6a2,LA,LA,"SA, DA, SO, CM",T,architecture/DATA_ARCHITECTURE.md,NG-WP-02,NG-WP-07;NG-WP-08,1,,G0,G2,,NGV-DATA-011,NGR-DATA-011,OUTSIDE_LOCAL_V04_GATE,quality/G0_HUMAN_APPROVAL_LEDGER.json
DATA-012,DATA,62769ddd0f6d1920daeeeada195780a6a95353ee013db897be2cc13777c8fa6d,SO,SO,"SA, DA, SO, CM",T,architecture/DATA_ARCHITECTURE.md,NG-WP-02,NG-WP-07;NG-WP-08,1,,G0,G2,,NGV-DATA-012,NGR-DATA-012,OUTSIDE_LOCAL_V04_GATE,quality/G0_HUMAN_APPROVAL_LEDGER.json
DATA-013,DATA,e17c123dfb3d00c606007424089585e024e9e2c25cc1a9379f25577fb9879ef9,SA,SA,"SA, DA, SO, CM","I,T",architecture/DATA_ARCHITECTURE.md,NG-WP-02,NG-WP-07;NG-WP-08,1,,G0,G2,,NGV-DATA-013,NGR-DATA-013,OUTSIDE_LOCAL_V04_GATE,quality/G0_HUMAN_APPROVAL_LEDGER.json
DATA-014,DATA,2ec36a1af46e33507de9430387eceae8d370e2ac043aacf7fa2f16b24a2af1b4,SA,SA,"SA, DA, SO, CM",T,architecture/DATA_ARCHITECTURE.md,NG-WP-02,NG-WP-07;NG-WP-08,1,,G0,G2,,NGV-DATA-014,NGR-DATA-014,OUTSIDE_LOCAL_V04_GATE,quality/G0_HUMAN_APPROVAL_LEDGER.json
DATA-015,DATA,a0f7b11f91cc5282fd728da6bdbafad0d8f9d739cf3239e605dd34c01845b05f,SA,SA,"SA, DA, SO, CM",T,architecture/DATA_ARCHITECTURE.md,NG-WP-02,NG-WP-07;NG-WP-08,1,,G0,G2,,NGV-DATA-015,NGR-DATA-015,OUTSIDE_LOCAL_V04_GATE,quality/G0_HUMAN_APPROVAL_LEDGER.json
DATA-016,DATA,4cca36c0fb7bb2a83a611e395889bf4cc67cd4b61bcfb6277757b947723ca6c0,SA,SA,"SA, DA, SO, CM",T,architecture/DATA_ARCHITECTURE.md,NG-WP-02,NG-WP-07;NG-WP-08,1,,G0,G2,,NGV-DATA-016,NGR-DATA-016,OUTSIDE_LOCAL_V04_GATE,quality/G0_HUMAN_APPROVAL_LEDGER.json
DATA-017,DATA,69557889266a092a2a36b2f5f8bcb8260ac5fcd80be2af1576bb7024f67903f8,CM,CM,"SA, DA, SO, CM",T,architecture/DATA_ARCHITECTURE.md,NG-WP-02,NG-WP-07;NG-WP-08,1,,G0,G2,,NGV-DATA-017,NGR-DATA-017,OUTSIDE_LOCAL_V04_GATE,quality/G0_HUMAN_APPROVAL_LEDGER.json
DATA-018,DATA,6fbbde5b98f8052f786864153fcd8ec1ba3beb92a8d5c826333598a00a01fe73,SO,SO,"SA, DA, SO, CM",T,architecture/DATA_ARCHITECTURE.md,NG-WP-02,NG-WP-07;NG-WP-08,1,,G0,G2,,NGV-DATA-018,NGR-DATA-018,OUTSIDE_LOCAL_V04_GATE,quality/G0_HUMAN_APPROVAL_LEDGER.json
DATA-019,DATA,b54fb5f6b24263813c16a56a761bdfa05cdf4a39ba2882ad1129666be08f16a2,SA,SA,"SA, DA, SO, CM","A,T",architecture/DATA_ARCHITECTURE.md,NG-WP-02,NG-WP-07;NG-WP-08,1,,G0,G2,,NGV-DATA-019,NGR-DATA-019,OUTSIDE_LOCAL_V04_GATE,quality/G0_HUMAN_APPROVAL_LEDGER.json
DATA-020,DATA,fdf216a88bd81d40c0917a1f2553272d2ed3627bd1dec11563a81e88b893f2c9,DA,DA,"SA, DA, SO, CM",T,architecture/DATA_ARCHITECTURE.md,NG-WP-02,NG-WP-07;NG-WP-08,1,,G0,G2,,NGV-DATA-020,NGR-DATA-020,OUTSIDE_LOCAL_V04_GATE,quality/G0_HUMAN_APPROVAL_LEDGER.json
DATA-021,DATA,c1124d0e91c4aa742fe32abaf2057a9e11b20f7c0b1b20c10d2a0fcdca3e3276,SO,SO,"SA, DA, SO, CM","I,T",architecture/DATA_ARCHITECTURE.md,NG-WP-02,NG-WP-07;NG-WP-08,1,,G0,G2,,NGV-DATA-021,NGR-DATA-021,OUTSIDE_LOCAL_V04_GATE,quality/G0_HUMAN_APPROVAL_LEDGER.json
DATA-022,DATA,ce69f6d915650984f5611565423564de1a8904b3bd41e5210744b1ba6800c5fc,SO,SO,"SA, DA, SO, CM",T,architecture/DATA_ARCHITECTURE.md,NG-WP-02,NG-WP-07;NG-WP-08,1,,G0,G2,,NGV-DATA-022,NGR-DATA-022,OUTSIDE_LOCAL_V04_GATE,quality/G0_HUMAN_APPROVAL_LEDGER.json
DATA-023,DATA,69a47786d879eb294b46283a68c85688c104964e7acfe69deee19986d145704a,CM,CM,"SA, DA, SO, CM","T,D",architecture/DATA_ARCHITECTURE.md,NG-WP-02,NG-WP-07;NG-WP-08,1,,G0,G2,,NGV-DATA-023,NGR-DATA-023,OUTSIDE_LOCAL_V04_GATE,quality/G0_HUMAN_APPROVAL_LEDGER.json
DATA-024,DATA,d4db141ce2258a491535425ed9de945512dbaa59cdcd836fa061567e3b481e25,SO,SO,"SA, DA, SO, CM","I,T",architecture/DATA_ARCHITECTURE.md,NG-WP-02,NG-WP-07;NG-WP-08,1,,G0,G2,,NGV-DATA-024,NGR-DATA-024,OUTSIDE_LOCAL_V04_GATE,quality/G0_HUMAN_APPROVAL_LEDGER.json
DATA-025,DATA,2ba9a5ec5db8d71fc2b7103b20f34fdcfd38d1b60ea052602bcd3bcb3d88225f,CM,CM,"SA, DA, SO, CM","T,E",architecture/DATA_ARCHITECTURE.md,NG-WP-02,NG-WP-07;NG-WP-08,1,,G0,G2,,NGV-DATA-025,NGR-DATA-025,OUTSIDE_LOCAL_V04_GATE,quality/G0_HUMAN_APPROVAL_LEDGER.json
DATA-026,DATA,5ecc42c9f781f45455c92ad25425dc59b173a44d79f33ed241c11ac7a20a7901,SA,SA,"SA, DA, SO, CM","A,T",architecture/DATA_ARCHITECTURE.md,NG-WP-02,NG-WP-07;NG-WP-08,1,,G0,G2,,NGV-DATA-026,NGR-DATA-026,OUTSIDE_LOCAL_V04_GATE,quality/G0_HUMAN_APPROVAL_LEDGER.json
DATA-027,DATA,1e93f7b9fa04d5006ab66c743d39fd6ea39c4b68b284fb429444dc788a9212b5,SA,SA,"SA, DA, SO, CM",T,architecture/DATA_ARCHITECTURE.md,NG-WP-02,NG-WP-07;NG-WP-08,1,,G0,G2,,NGV-DATA-027,NGR-DATA-027,OUTSIDE_LOCAL_V04_GATE,quality/G0_HUMAN_APPROVAL_LEDGER.json
DATA-028,DATA,45b8064d98051fe1a07d73c60dc8b5b3a6a40b754a6fdfb0d4a8237dbaed7ba3,CM,CM,"SA, DA, SO, CM","T,E",architecture/DATA_ARCHITECTURE.md,NG-WP-02,NG-WP-07;NG-WP-08,1,,G0,G2,,NGV-DATA-028,NGR-DATA-028,OUTSIDE_LOCAL_V04_GATE,quality/G0_HUMAN_APPROVAL_LEDGER.json
DATA-029,DATA,b73f04034a270bc1b3c1ed27e35d83ae8190a80d8aa24e3e5a8ff3237266e7c2,DA,DA,"SA, DA, SO, CM",T,architecture/DATA_ARCHITECTURE.md,NG-WP-02,NG-WP-07;NG-WP-08,1,,G0,G2,,NGV-DATA-029,NGR-DATA-029,OUTSIDE_LOCAL_V04_GATE,quality/G0_HUMAN_APPROVAL_LEDGER.json
WEB-001,WEB,6d948c4e083c52d7f3f90ea9cb8bd0eae66f1ed84cba2a344b59a97cb18a8c47,PO,PO,"PO, MO, SO, QL","D,T",web/WEB_APPLICATION.md,NG-WP-03,NG-WP-05;NG-WP-08,3,,G0,G7,,NGV-WEB-001,NGR-WEB-001,OUTSIDE_LOCAL_V04_GATE,quality/G0_HUMAN_APPROVAL_LEDGER.json
WEB-002,WEB,90c394bfdf38e785afd2dda854d070d0166cdc63024c88f28b3f1334261066cb,MO,MO,"PO, MO, SO, QL","D,T",web/WEB_APPLICATION.md,NG-WP-01,NG-WP-03;NG-WP-05;NG-WP-08,1,,G0,G7,,NGV-WEB-002,NGR-WEB-002,OUTSIDE_LOCAL_V04_GATE,quality/G0_HUMAN_APPROVAL_LEDGER.json
WEB-003,WEB,749039ff68575874dc187363187d71a12bf872752bffbb4a640d29f0dd6a75fd,MO,MO,"PO, MO, SO, QL","D,T",web/WEB_APPLICATION.md,NG-WP-03,NG-WP-05;NG-WP-08,3,,G0,G7,,NGV-WEB-003,NGR-WEB-003,OUTSIDE_LOCAL_V04_GATE,quality/G0_HUMAN_APPROVAL_LEDGER.json
WEB-004,WEB,f4ff2b06ccd3f75ba1822d513000b0cec4b53d6de0928a11a5a65f08116308e0,MO,MO,"PO, MO, SO, QL","D,T",web/WEB_APPLICATION.md,NG-WP-03,NG-WP-05;NG-WP-08,3,,G0,G7,,NGV-WEB-004,NGR-WEB-004,OUTSIDE_LOCAL_V04_GATE,quality/G0_HUMAN_APPROVAL_LEDGER.json
WEB-005,WEB,f8f70da2423e091f1ffdc4d00b75474c33e2025be41910153b10e562dad0b270,MO,MO,"PO, MO, SO, QL","T,D",web/WEB_APPLICATION.md,NG-WP-01,NG-WP-03;NG-WP-05;NG-WP-08,1,,G0,G7,,NGV-WEB-005,NGR-WEB-005,OUTSIDE_LOCAL_V04_GATE,quality/G0_HUMAN_APPROVAL_LEDGER.json
WEB-006,WEB,0f1ebc8ac1d1a2fcc649144396f5cba3b29feb678884f006070fe0cf25ca3d6e,MO,MO,"PO, MO, SO, QL","D,T",web/WEB_APPLICATION.md,NG-WP-03,NG-WP-05;NG-WP-08,3,,G0,G7,,NGV-WEB-006,NGR-WEB-006,OUTSIDE_LOCAL_V04_GATE,quality/G0_HUMAN_APPROVAL_LEDGER.json
WEB-007,WEB,b3605316541517df19abfc5ce40cf0d4c9cd42df847e1d14249e926b374da33c,MO,MO,"PO, MO, SO, QL","T,D",web/WEB_APPLICATION.md,NG-WP-03,NG-WP-05;NG-WP-08,3,,G0,G7,,NGV-WEB-007,NGR-WEB-007,OUTSIDE_LOCAL_V04_GATE,quality/G0_HUMAN_APPROVAL_LEDGER.json
WEB-008,WEB,4525df2144f13a78eaa3b2a2d281cc011a405f4f20a27d41f5f44c6a114f3d0c,QL,QL,"PO, MO, SO, QL","T,D",web/WEB_APPLICATION.md,NG-WP-03,NG-WP-05;NG-WP-08,3,,G0,G7,,NGV-WEB-008,NGR-WEB-008,OUTSIDE_LOCAL_V04_GATE,quality/G0_HUMAN_APPROVAL_LEDGER.json
WEB-009,WEB,7fa7cfdc834262400a10a5b8fe2c9ff98d46f4186d421abf449c4ce2914c1069,MO,MO,"PO, MO, SO, QL","D,A",web/WEB_APPLICATION.md,NG-WP-03,NG-WP-05;NG-WP-08,3,,G0,G7,,NGV-WEB-009,NGR-WEB-009,OUTSIDE_LOCAL_V04_GATE,quality/G0_HUMAN_APPROVAL_LEDGER.json
WEB-010,WEB,cc5c88b6f0bc6fa470e109874eb111601778a96e9524167f7b1a055d0a7b7430,SO,SO,"PO, MO, SO, QL","I,T",web/WEB_APPLICATION.md,NG-WP-03,NG-WP-05;NG-WP-08,3,,G0,G7,,NGV-WEB-010,NGR-WEB-010,OUTSIDE_LOCAL_V04_GATE,quality/G0_HUMAN_APPROVAL_LEDGER.json
WEB-011,WEB,75ae8f87511445bf1250716cd7c7ca67c9d084108101f1397b4cb800bc46aaee,SO,SO,"PO, MO, SO, QL","I,T",web/WEB_APPLICATION.md,NG-WP-03,NG-WP-05;NG-WP-08,3,,G0,G7,,NGV-WEB-011,NGR-WEB-011,OUTSIDE_LOCAL_V04_GATE,quality/G0_HUMAN_APPROVAL_LEDGER.json
WEB-012,WEB,e781a0daf377305aa8e4117ba7d09561c17f1754765f23512db21445c9f5aae5,MO,MO,"PO, MO, SO, QL","D,T",web/WEB_APPLICATION.md,NG-WP-03,NG-WP-05;NG-WP-08,3,,G0,G7,,NGV-WEB-012,NGR-WEB-012,OUTSIDE_LOCAL_V04_GATE,quality/G0_HUMAN_APPROVAL_LEDGER.json
WEB-013,WEB,86f6ed692e14ea54f3b8facdc240aec036ac4d3795043a3ae6b2a126674cf6a0,MO,MO,"PO, MO, SO, QL","D,T",web/WEB_APPLICATION.md,NG-WP-01,NG-WP-03;NG-WP-05;NG-WP-08,1,,G0,G7,,NGV-WEB-013,NGR-WEB-013,OUTSIDE_LOCAL_V04_GATE,quality/G0_HUMAN_APPROVAL_LEDGER.json
WEB-014,WEB,d8772e9722d550b9c1352fb88f0bb2b50e8e8eafe18f9b74a45e16a504dccf9c,MO,MO,"PO, MO, SO, QL","D,T",web/WEB_APPLICATION.md,NG-WP-03,NG-WP-05;NG-WP-08,3,,G0,G7,,NGV-WEB-014,NGR-WEB-014,OUTSIDE_LOCAL_V04_GATE,quality/G0_HUMAN_APPROVAL_LEDGER.json
WEB-015,WEB,16674edf2f62656e3b9f673e5fb477bb48f968def6cf5811a230be3383f8fcb2,MO,MO,"PO, MO, SO, QL","D,T",web/WEB_APPLICATION.md,NG-WP-03,NG-WP-05;NG-WP-08,3,,G0,G7,,NGV-WEB-015,NGR-WEB-015,OUTSIDE_LOCAL_V04_GATE,quality/G0_HUMAN_APPROVAL_LEDGER.json
WEB-016,WEB,4981109bc61bdfc58871fec59208e03d0cbfc411924165ba5feb456626c54b62,MO,MO,"PO, MO, SO, QL","D,T",web/WEB_APPLICATION.md,NG-WP-03,NG-WP-05;NG-WP-08,3,,G0,G7,,NGV-WEB-016,NGR-WEB-016,OUTSIDE_LOCAL_V04_GATE,quality/G0_HUMAN_APPROVAL_LEDGER.json
WEB-017,WEB,6ddb46ced888760d76978567446cba58379c0b52a590beea05d77efeaaffc14d,MO,MO,"PO, MO, SO, QL","D,T",web/WEB_APPLICATION.md,NG-WP-03,NG-WP-05;NG-WP-08,3,,G0,G7,,NGV-WEB-017,NGR-WEB-017,OUTSIDE_LOCAL_V04_GATE,quality/G0_HUMAN_APPROVAL_LEDGER.json
WEB-018,WEB,0aee9ee15f73aa67d7ab49e684175222a7b324063e7b680578d3ae52117f0dd0,QL,QL,"PO, MO, SO, QL","D,T",web/WEB_APPLICATION.md,NG-WP-03,NG-WP-05;NG-WP-08,3,,G0,G7,,NGV-WEB-018,NGR-WEB-018,OUTSIDE_LOCAL_V04_GATE,quality/G0_HUMAN_APPROVAL_LEDGER.json
WEB-019,WEB,632c9628d482b4a0543f3351f4617a26561980a5604cc3dff99cace5c34d3f65,QL,QL,"PO, MO, SO, QL","D,T",web/WEB_APPLICATION.md,NG-WP-03,NG-WP-05;NG-WP-08,3,,G0,G7,,NGV-WEB-019,NGR-WEB-019,OUTSIDE_LOCAL_V04_GATE,quality/G0_HUMAN_APPROVAL_LEDGER.json
WEB-020,WEB,ca566e66757ab8d6d4e48b2c1ad07ff86aa6e3aec20f218138e195fb1994bf92,QL,QL,"PO, MO, SO, QL","T,D",web/WEB_APPLICATION.md,NG-WP-03,NG-WP-05;NG-WP-08,3,,G0,G7,,NGV-WEB-020,NGR-WEB-020,OUTSIDE_LOCAL_V04_GATE,quality/G0_HUMAN_APPROVAL_LEDGER.json
WEB-021,WEB,dc6f31ebf0b317d62e4ac2565d6a847e509d77f0d93071103e48e1b8cf621e1e,SO,SO,"PO, MO, SO, QL",T,web/WEB_APPLICATION.md,NG-WP-03,NG-WP-05;NG-WP-08,3,,G0,G7,,NGV-WEB-021,NGR-WEB-021,OUTSIDE_LOCAL_V04_GATE,quality/G0_HUMAN_APPROVAL_LEDGER.json
WEB-022,WEB,1c33c79fc327e1a0268d370e341e8f29e99c90120fefd6c3a9fc3a3991ee9cfb,MO,MO,"PO, MO, SO, QL","T,D",web/WEB_APPLICATION.md,NG-WP-03,NG-WP-05;NG-WP-08,3,,G0,G7,,NGV-WEB-022,NGR-WEB-022,OUTSIDE_LOCAL_V04_GATE,quality/G0_HUMAN_APPROVAL_LEDGER.json
WEB-023,WEB,bfc28a0992b8e4b63beca982c0fd66e1e77feda5542afcbb7ed842c3c2a20194,PO,PO,"PO, MO, SO, CM","T,D",web/PROCEDURE_NAVIGATION.md,NG-WP-03,NG-WP-05;NG-WP-08,3,,G0,G7,,NGV-WEB-023,NGR-WEB-023,OUTSIDE_LOCAL_V04_GATE,quality/G0_HUMAN_APPROVAL_LEDGER.json
WEB-024,WEB,723367c976a112992ae425a9cfc184d8dc9f69f020dd7dcd0bfd073c75d01fac,CM,CM,"PO, MO, SO, CM",T,web/PROCEDURE_NAVIGATION.md,NG-WP-03,NG-WP-05;NG-WP-08,3,,G0,G7,,NGV-WEB-024,NGR-WEB-024,OUTSIDE_LOCAL_V04_GATE,quality/G0_HUMAN_APPROVAL_LEDGER.json
WEB-025,WEB,4c8da1429d171b4efaf734c98efaab8ef0180e2941554905c8261142cf7c8c4c,SO,SO,"PO, MO, SO, CM",T,web/PROCEDURE_NAVIGATION.md,NG-WP-03,NG-WP-05;NG-WP-08,3,,G0,G7,,NGV-WEB-025,NGR-WEB-025,OUTSIDE_LOCAL_V04_GATE,quality/G0_HUMAN_APPROVAL_LEDGER.json
WEB-026,WEB,c7d7ced6a62206fb3c800b01c218e22587d18a664fc42d0c108d65d302a363c1,MO,MO,"PO, MO, SO, CM","D,T",web/PROCEDURE_NAVIGATION.md,NG-WP-03,NG-WP-05;NG-WP-08,3,,G0,G7,,NGV-WEB-026,NGR-WEB-026,OUTSIDE_LOCAL_V04_GATE,quality/G0_HUMAN_APPROVAL_LEDGER.json
WEB-027,WEB,9b3971afbb84a7f89d7d6b0cf4bb098fc3f758b85606250bed5c2f3774e7dee8,CM,CM,"PO, MO, SO, CM",T,web/PROCEDURE_NAVIGATION.md,NG-WP-03,NG-WP-05;NG-WP-08,3,,G0,G7,,NGV-WEB-027,NGR-WEB-027,OUTSIDE_LOCAL_V04_GATE,quality/G0_HUMAN_APPROVAL_LEDGER.json
WEB-028,WEB,f0e0a5089d2d697b71a943930ff0bcf1f3e407d975f9b7cac62e0d579c48dde8,CM,CM,"PO, MO, SO, CM",T,web/PROCEDURE_NAVIGATION.md,NG-WP-03,NG-WP-05;NG-WP-08,3,,G0,G7,,NGV-WEB-028,NGR-WEB-028,OUTSIDE_LOCAL_V04_GATE,quality/G0_HUMAN_APPROVAL_LEDGER.json
WEB-029,WEB,a676b0633afcdc0d2985e41a9412bed802f1aef2ffb7e3802f989fa33f9b27bc,SA,SA,"MO, SA, SO",T,web/REAL_TIME_STATE.md,NG-WP-03,NG-WP-05;NG-WP-08,3,,G0,G7,,NGV-WEB-029,NGR-WEB-029,OUTSIDE_LOCAL_V04_GATE,quality/G0_HUMAN_APPROVAL_LEDGER.json
WEB-030,WEB,2a2e80f28cfec20c929235fd745a95a4c7842f0e0c92edfdac095bcdb9106be0,SO,SO,"MO, SA, SO","I,T",web/REAL_TIME_STATE.md,NG-WP-03,NG-WP-05;NG-WP-08,3,,G0,G7,,NGV-WEB-030,NGR-WEB-030,OUTSIDE_LOCAL_V04_GATE,quality/G0_HUMAN_APPROVAL_LEDGER.json
WEB-031,WEB,bd1597ab735897579ca4f6a49613c8333bc47f14815a860663e2544a10aeb97b,SA,SA,"MO, SA, SO",T,web/REAL_TIME_STATE.md,NG-WP-03,NG-WP-05;NG-WP-08,3,,G0,G7,,NGV-WEB-031,NGR-WEB-031,OUTSIDE_LOCAL_V04_GATE,quality/G0_HUMAN_APPROVAL_LEDGER.json
WEB-032,WEB,ab81b8a30198a7005a082c31fcbe6110494a2e04e4798da2488c124a525f7698,MO,MO,"MO, SA, SO",T,web/REAL_TIME_STATE.md,NG-WP-03,NG-WP-05;NG-WP-08,3,,G0,G7,,NGV-WEB-032,NGR-WEB-032,OUTSIDE_LOCAL_V04_GATE,quality/G0_HUMAN_APPROVAL_LEDGER.json
WEB-033,WEB,f18ba712b311f880df689c99b29efa941dd5892ca0280ff9beef3db0925b5b70,MO,MO,"MO, SA, SO",T,web/REAL_TIME_STATE.md,NG-WP-03,NG-WP-05;NG-WP-08,3,,G0,G7,,NGV-WEB-033,NGR-WEB-033,OUTSIDE_LOCAL_V04_GATE,quality/G0_HUMAN_APPROVAL_LEDGER.json
WEB-034,WEB,9a5e5002f00cdaa3da88a22d476e57d5afdbc4ba805ce5a99060db832ec28fa7,MO,MO,"MO, SA, SO",T,web/REAL_TIME_STATE.md,NG-WP-03,NG-WP-05;NG-WP-08,3,,G0,G7,,NGV-WEB-034,NGR-WEB-034,OUTSIDE_LOCAL_V04_GATE,quality/G0_HUMAN_APPROVAL_LEDGER.json
WEB-035,WEB,21c0c962223d8f4a01202837ec8b76a5acba5dca1568a5281daf64d0a96652cd,MO,MO,"MO, SA, SO","D,T",web/REAL_TIME_STATE.md,NG-WP-03,NG-WP-05;NG-WP-08,3,,G0,G7,,NGV-WEB-035,NGR-WEB-035,OUTSIDE_LOCAL_V04_GATE,quality/G0_HUMAN_APPROVAL_LEDGER.json
WEB-036,WEB,6529a8ec690e23d8da9586f34133d8a3aa9d993aab334f6d8d3dd75f16f88fe3,SA,SA,"MO, SA, SO","A,T",web/REAL_TIME_STATE.md,NG-WP-03,NG-WP-05;NG-WP-08,3,,G0,G7,,NGV-WEB-036,NGR-WEB-036,OUTSIDE_LOCAL_V04_GATE,quality/G0_HUMAN_APPROVAL_LEDGER.json
WEB-037,WEB,51b05957bf1b5e015b0eb6a3637d064a70593a10b0e05f642cb2da0f7c770679,QL,QL,"MO, SA, SO",T,web/REAL_TIME_STATE.md,NG-WP-03,NG-WP-05;NG-WP-08,3,,G0,G7,,NGV-WEB-037,NGR-WEB-037,OUTSIDE_LOCAL_V04_GATE,quality/G0_HUMAN_APPROVAL_LEDGER.json
MODE-001,MODE,9ce9644d4ce2c6f14e79aea7a07e455e6112bfabc040acfb22be6413fe70ad99,SO,SO,"PO, MO, SA, SO",T,web/OPERATING_MODES.md,NG-WP-01,NG-WP-03;NG-WP-05;NG-WP-08,1,,G0,G7,,NGV-MODE-001,NGR-MODE-001,OUTSIDE_LOCAL_V04_GATE,quality/G0_HUMAN_APPROVAL_LEDGER.json
MODE-002,MODE,9d941aeb066818145614ea26441424a7164e49d3438c0af265d87ee0adeb4448,MO,MO,"PO, MO, SA, SO","D,T",web/OPERATING_MODES.md,NG-WP-03,NG-WP-05;NG-WP-08,3,,G0,G7,,NGV-MODE-002,NGR-MODE-002,OUTSIDE_LOCAL_V04_GATE,quality/G0_HUMAN_APPROVAL_LEDGER.json
MODE-003,MODE,a346038e1f391542bb1e2616235e0efbe353456eba621d00d2ccf9bbd39585fb,MO,MO,"PO, MO, SA, SO",T,web/OPERATING_MODES.md,NG-WP-03,NG-WP-05;NG-WP-08,3,,G0,G7,,NGV-MODE-003,NGR-MODE-003,OUTSIDE_LOCAL_V04_GATE,quality/G0_HUMAN_APPROVAL_LEDGER.json
MODE-004,MODE,3c5220bccc62a04c2dd53d0548976e3901abc15518a57b17699b8a896deb825d,SO,SO,"PO, MO, SA, SO",T,web/OPERATING_MODES.md,NG-WP-03,NG-WP-05;NG-WP-08,3,,G0,G7,,NGV-MODE-004,NGR-MODE-004,OUTSIDE_LOCAL_V04_GATE,quality/G0_HUMAN_APPROVAL_LEDGER.json
MODE-005,MODE,4cbe5f1d0975b573929fb0ba717c0e74c99a704641e8b203b406a05e0d63fda5,MO,MO,"PO, MO, SA, SO","D,T",web/OPERATING_MODES.md,NG-WP-03,NG-WP-05;NG-WP-08,3,,G0,G7,,NGV-MODE-005,NGR-MODE-005,OUTSIDE_LOCAL_V04_GATE,quality/G0_HUMAN_APPROVAL_LEDGER.json
MODE-006,MODE,2f4466d8e012a4ce921e82897c0484d7d212b5e540fb69c990b96a722be4a6e3,PO,PO,"PO, MO, SA, SO","D,T",web/OPERATING_MODES.md,NG-WP-03,NG-WP-05;NG-WP-08,3,,G0,G7,,NGV-MODE-006,NGR-MODE-006,OUTSIDE_LOCAL_V04_GATE,quality/G0_HUMAN_APPROVAL_LEDGER.json
MODE-007,MODE,b83166c2aa3ffd13765219059a680930943d616689d7122ffcd29cf8b40f5eff,SO,SO,"PO, MO, SA, SO",T,web/OPERATING_MODES.md,NG-WP-03,NG-WP-05;NG-WP-08,3,,G0,G7,,NGV-MODE-007,NGR-MODE-007,OUTSIDE_LOCAL_V04_GATE,quality/G0_HUMAN_APPROVAL_LEDGER.json
MODE-008,MODE,93fd1e9c11b5180139bf720b8b26e8c4365e02add1f48566ddb68ed6be4796c4,SO,SO,"PO, MO, SA, SO",T,web/OPERATING_MODES.md,NG-WP-03,NG-WP-05;NG-WP-08,3,,G0,G7,,NGV-MODE-008,NGR-MODE-008,OUTSIDE_LOCAL_V04_GATE,quality/G0_HUMAN_APPROVAL_LEDGER.json
MODE-009,MODE,a459cc212dc6746106d20c259a12d60f32785a01a1acdf679398c0c613676de2,PO,PO,"PO, MO, SA, SO","I,A,T",web/OPERATING_MODES.md,NG-WP-03,NG-WP-05;NG-WP-08,3,,G0,G7,,NGV-MODE-009,NGR-MODE-009,OUTSIDE_LOCAL_V04_GATE,quality/G0_HUMAN_APPROVAL_LEDGER.json
MODE-010,MODE,d91656da350da69aefc0bd56294e778e97253c340fd6ffe63bad6ff2e4e7ba3e,PO,PO,"PO, MO, SO, CM","D,T",web/PROCEDURE_NAVIGATION.md,NG-WP-03,NG-WP-05;NG-WP-08,3,,G0,G7,,NGV-MODE-010,NGR-MODE-010,OUTSIDE_LOCAL_V04_GATE,quality/G0_HUMAN_APPROVAL_LEDGER.json
MODE-011,MODE,8b7e2f0091fa5753a06b1dfd6f639fdc204da466bddba42aba3a1e5282b56bbd,PO,PO,"PO, MO, SO, CM","D,T",web/PROCEDURE_NAVIGATION.md,NG-WP-03,NG-WP-05;NG-WP-08,3,,G0,G7,,NGV-MODE-011,NGR-MODE-011,OUTSIDE_LOCAL_V04_GATE,quality/G0_HUMAN_APPROVAL_LEDGER.json
MODE-012,MODE,90bcda47bf6757835a4690ac41f5e2af3ab8830a95f17979383052816dc75f9b,SO,SO,"PO, MO, SO, CM",T,web/PROCEDURE_NAVIGATION.md,NG-WP-03,NG-WP-05;NG-WP-08,3,,G0,G7,,NGV-MODE-012,NGR-MODE-012,OUTSIDE_LOCAL_V04_GATE,quality/G0_HUMAN_APPROVAL_LEDGER.json
MODE-013,MODE,cee8654e2abad2622a9b45bf94973049e2600070d715b5babe5728ec0e50416d,SO,SO,"PO, MO, SA, SO","I,T",web/OPERATING_MODES.md,NG-WP-01,NG-WP-03;NG-WP-04;NG-WP-05;NG-WP-08,1,3,G0,G7,G7,NGV-MODE-013,NGR-MODE-013,OUTSIDE_LOCAL_V04_GATE,quality/G0_HUMAN_APPROVAL_LEDGER.json
MODE-014,MODE,4030f163a6b57ebff5b4ef0eab1b2f0f77210eeaea49c30ee8018bf15ddf7108,SA,SA,"PO, MO, SA, SO","T,A",web/OPERATING_MODES.md,NG-WP-04,NG-WP-01;NG-WP-02;NG-WP-03;NG-WP-05;NG-WP-08,3,,G0,G7,,NGV-MODE-014,NGR-MODE-014,OUTSIDE_LOCAL_V04_GATE,quality/G0_HUMAN_APPROVAL_LEDGER.json
MODE-015,MODE,3a98e5a4320f7e162b5a157999a4dbdf51a79d524bf52748f70b5247428ef37e,SA,SA,"PO, MO, SA, SO",T,web/OPERATING_MODES.md,NG-WP-04,NG-WP-01;NG-WP-02;NG-WP-03;NG-WP-05;NG-WP-08,3,,G0,G7,,NGV-MODE-015,NGR-MODE-015,OUTSIDE_LOCAL_V04_GATE,quality/G0_HUMAN_APPROVAL_LEDGER.json
MODE-016,MODE,ed4fa586861c634472ea85fa739852cc8452ccc9092d25145d09487eaca3b96a,MO,MO,"PO, MO, SA, SO","T,D",web/OPERATING_MODES.md,NG-WP-04,NG-WP-01;NG-WP-02;NG-WP-03;NG-WP-05;NG-WP-08,3,,G0,G7,,NGV-MODE-016,NGR-MODE-016,OUTSIDE_LOCAL_V04_GATE,quality/G0_HUMAN_APPROVAL_LEDGER.json
MODE-017,MODE,d91a68573ebc42891c77558493d8679992a13603fda98b0cf8943a173cb03269,MO,MO,"PO, MO, SA, SO","T,D",web/OPERATING_MODES.md,NG-WP-04,NG-WP-01;NG-WP-02;NG-WP-03;NG-WP-05;NG-WP-08,3,,G0,G7,,NGV-MODE-017,NGR-MODE-017,OUTSIDE_LOCAL_V04_GATE,quality/G0_HUMAN_APPROVAL_LEDGER.json
MODE-018,MODE,6e0a45156e12e157ac266a4a249847c8337196df98c61cfaaff084dd37c9afee,SO,SO,"PO, MO, SA, SO",T,web/OPERATING_MODES.md,NG-WP-03,NG-WP-05;NG-WP-08,3,,G0,G7,,NGV-MODE-018,NGR-MODE-018,OUTSIDE_LOCAL_V04_GATE,quality/G0_HUMAN_APPROVAL_LEDGER.json
MODE-019,MODE,82ee4606398175b39f54c8ff02fd0ba0e3c5c92349540b42e630273273096e9f,SO,SO,"PO, MO, SA, SO",T,web/OPERATING_MODES.md,NG-WP-03,NG-WP-05;NG-WP-08,3,,G0,G7,,NGV-MODE-019,NGR-MODE-019,OUTSIDE_LOCAL_V04_GATE,quality/G0_HUMAN_APPROVAL_LEDGER.json
MODE-020,MODE,52d1218dbf3c45145cac501e21dd79d2b4f44d66f46321834452eeeda4038572,SA,SA,"PO, MO, SA, SO","A,T",web/OPERATING_MODES.md,NG-WP-03,NG-WP-05;NG-WP-08,3,,G0,G7,,NGV-MODE-020,NGR-MODE-020,OUTSIDE_LOCAL_V04_GATE,quality/G0_HUMAN_APPROVAL_LEDGER.json
MODE-021,MODE,12c860014b4e52c6fba421fd103bc073744ba019ebd5734ba04887cb5d86703d,SO,SO,"PO, MO, SA, SO",T,web/OPERATING_MODES.md,NG-WP-04,NG-WP-01;NG-WP-02;NG-WP-03;NG-WP-05;NG-WP-08,3,,G0,G7,,NGV-MODE-021,NGR-MODE-021,OUTSIDE_LOCAL_V04_GATE,quality/G0_HUMAN_APPROVAL_LEDGER.json
MODE-022,MODE,5bb88cbd7c5dd2081930460a6d5c90e850d37f8818f5683974383f6996686a39,MO,MO,"PO, MO, SA, SO","T,D",web/OPERATING_MODES.md,NG-WP-04,NG-WP-01;NG-WP-02;NG-WP-03;NG-WP-05;NG-WP-08,3,,G0,G7,,NGV-MODE-022,NGR-MODE-022,OUTSIDE_LOCAL_V04_GATE,quality/G0_HUMAN_APPROVAL_LEDGER.json
MODE-023,MODE,2398be77de8cb8537f7dfae98c7de29feadc9be5e997c581f055c55faccdc6ae,SO,SO,"PO, MO, SA, SO","T,D",web/OPERATING_MODES.md,NG-WP-01,NG-WP-03;NG-WP-05;NG-WP-08,1,,G0,G7,,NGV-MODE-023,NGR-MODE-023,OUTSIDE_LOCAL_V04_GATE,quality/G0_HUMAN_APPROVAL_LEDGER.json
MODE-024,MODE,5e43e171e991ada686a44c31c455b32561d16269558d287fcd21d05be32a80a8,SO,SO,"PO, MO, SA, SO",T,web/OPERATING_MODES.md,NG-WP-01,NG-WP-03;NG-WP-05;NG-WP-08,1,,G0,G7,,NGV-MODE-024,NGR-MODE-024,OUTSIDE_LOCAL_V04_GATE,quality/G0_HUMAN_APPROVAL_LEDGER.json
MODE-025,MODE,313ca2f11a8141209f5e36e64bb4c2d8a2fc3cc290eea640148ff89c7b7605fc,MO/SO,PENDING_OWNER_SELECTION,"PO, MO, SA, SY, SO","T,D",web/OPERATING_MODES.md,NG-WP-04,NG-WP-01;NG-WP-03;NG-WP-05;NG-WP-08,3,,G0,G7,,NGV-MODE-025,NGR-MODE-025,OUTSIDE_LOCAL_V04_GATE,quality/G0_HUMAN_APPROVAL_LEDGER.json
MODE-026,MODE,b74a5ceb7a4b9901bb8b1580500fa8a1b8997818b112ee0525b755b28722c697,SA/MO,PENDING_OWNER_SELECTION,"PO, MO, SA, SY, SO","T,A,D",web/OPERATING_MODES.md,NG-WP-04,NG-WP-01;NG-WP-03;NG-WP-05;NG-WP-08,3,,G0,G7,,NGV-MODE-026,NGR-MODE-026,OUTSIDE_LOCAL_V04_GATE,quality/G0_HUMAN_APPROVAL_LEDGER.json
MODE-027,MODE,c86055d4d19ac456c788132fafa67160e34349838979dc438d5c7848a273c0d4,SO,SO,"MO, SA, SY, SO, CM","I,T",web/OPERATING_MODES.md,NG-WP-04,NG-WP-01;NG-WP-03;NG-WP-05;NG-WP-08,3,,G0,G7,,NGV-MODE-027,NGR-MODE-027,OUTSIDE_LOCAL_V04_GATE,quality/G0_HUMAN_APPROVAL_LEDGER.json
GIT-001,GIT,fac4694e7578dcc3e2fb461512ad4a3dd2da944edeb9cfd4cddaad64870bd224,CM,CM,"PO, LA, SO, CM","I,T",procedures/AUTHORING_AND_GIT.md,NG-WP-03,NG-WP-05;NG-WP-08,4,,G0,G3,,NGV-GIT-001,NGR-GIT-001,OUTSIDE_LOCAL_V04_GATE,quality/G0_HUMAN_APPROVAL_LEDGER.json
GIT-002,GIT,a670a5744f7cd3f76f97414920888959796c04edcfc399bbc8b9f4cfbf90d5c4,CM,CM,"PO, LA, SO, CM","I,T",procedures/AUTHORING_AND_GIT.md,NG-WP-03,NG-WP-05;NG-WP-08,4,,G0,G3,,NGV-GIT-002,NGR-GIT-002,OUTSIDE_LOCAL_V04_GATE,quality/G0_HUMAN_APPROVAL_LEDGER.json
GIT-003,GIT,24a43c235a0763a95e02c5eeda905c3f2af9ee165cb98ef9435b51379adda401,LA,LA,"PO, LA, SO, CM",T,procedures/AUTHORING_AND_GIT.md,NG-WP-03,NG-WP-05;NG-WP-08,4,,G0,G3,,NGV-GIT-003,NGR-GIT-003,OUTSIDE_LOCAL_V04_GATE,quality/G0_HUMAN_APPROVAL_LEDGER.json
GIT-004,GIT,0ef4a6ba6133a06a7239d460b9c7f828c0ac51d691f2c729f341b17015fb5e12,CM,CM,"PO, LA, SO, CM",T,procedures/AUTHORING_AND_GIT.md,NG-WP-03,NG-WP-05;NG-WP-08,4,,G0,G3,,NGV-GIT-004,NGR-GIT-004,OUTSIDE_LOCAL_V04_GATE,quality/G0_HUMAN_APPROVAL_LEDGER.json
GIT-005,GIT,9d822f2d30424f3c87d47442951b1f29eeeeb9fc6e69aec4406c55a6f87c32ce,CM,CM,"PO, LA, SO, CM",T,procedures/AUTHORING_AND_GIT.md,NG-WP-03,NG-WP-05;NG-WP-08,4,,G0,G3,,NGV-GIT-005,NGR-GIT-005,OUTSIDE_LOCAL_V04_GATE,quality/G0_HUMAN_APPROVAL_LEDGER.json
GIT-006,GIT,9ded525fd716a963e6f3a8cc758f68e90ee8acb7f6d2fb098a980850c9b3f674,CM,CM,"PO, LA, SO, CM","D,T",procedures/AUTHORING_AND_GIT.md,NG-WP-03,NG-WP-05;NG-WP-08,4,,G0,G3,,NGV-GIT-006,NGR-GIT-006,OUTSIDE_LOCAL_V04_GATE,quality/G0_HUMAN_APPROVAL_LEDGER.json
GIT-007,GIT,32521f5d42c6e049d2749ecead9491b0a63b0a0509e727a39ec3247aaa2d4f3a,CM,CM,"PO, LA, SO, CM",T,procedures/AUTHORING_AND_GIT.md,NG-WP-03,NG-WP-05;NG-WP-08,4,,G0,G3,,NGV-GIT-007,NGR-GIT-007,OUTSIDE_LOCAL_V04_GATE,quality/G0_HUMAN_APPROVAL_LEDGER.json
GIT-008,GIT,8e1284455e54b6c5f008aac15b64f8998f4ffe4a8541c3ea12bfb2750612d44c,SO,SO,"PO, LA, SO, CM","I,T",procedures/AUTHORING_AND_GIT.md,NG-WP-03,NG-WP-05;NG-WP-08,4,,G0,G3,,NGV-GIT-008,NGR-GIT-008,OUTSIDE_LOCAL_V04_GATE,quality/G0_HUMAN_APPROVAL_LEDGER.json
GIT-009,GIT,5019d40e09da9963520b4b74af2cb5579aaf386e6322ddf58e9ec2127fda74dc,SO,SO,"PO, LA, SO, CM",T,procedures/AUTHORING_AND_GIT.md,NG-WP-03,NG-WP-05;NG-WP-08,4,,G0,G3,,NGV-GIT-009,NGR-GIT-009,OUTSIDE_LOCAL_V04_GATE,quality/G0_HUMAN_APPROVAL_LEDGER.json
GIT-010,GIT,c7ff4894a9ef951788281fbc25e0dc066549a0c47da8ff9a0a4f43bac42a1aaa,QL,QL,"PO, LA, SO, CM",T,procedures/AUTHORING_AND_GIT.md,NG-WP-03,NG-WP-05;NG-WP-08,4,,G0,G3,,NGV-GIT-010,NGR-GIT-010,OUTSIDE_LOCAL_V04_GATE,quality/G0_HUMAN_APPROVAL_LEDGER.json
GIT-011,GIT,cecf2fbd49ce1c48e85e605806acc456440f38c1744ea79741dcacb9081f594d,SO,SO,"PO, LA, SO, CM",T,procedures/AUTHORING_AND_GIT.md,NG-WP-03,NG-WP-05;NG-WP-08,4,,G0,G3,,NGV-GIT-011,NGR-GIT-011,OUTSIDE_LOCAL_V04_GATE,quality/G0_HUMAN_APPROVAL_LEDGER.json
GIT-012,GIT,c7d9383196f811f98795497bad2c429e2559eb5133ae06e55edf411e7dddae5a,MO,MO,"PO, LA, SO, CM","I,D",procedures/AUTHORING_AND_GIT.md,NG-WP-03,NG-WP-05;NG-WP-08,4,,G0,G3,,NGV-GIT-012,NGR-GIT-012,OUTSIDE_LOCAL_V04_GATE,quality/G0_HUMAN_APPROVAL_LEDGER.json
GIT-013,GIT,cce9aeb8c07b59d3a62c2b4665457355bc4c493813ed532f510b90b8621a0c87,CM,CM,"PO, LA, SO, CM","I,T",procedures/AUTHORING_AND_GIT.md,NG-WP-03,NG-WP-05;NG-WP-08,4,,G0,G3,,NGV-GIT-013,NGR-GIT-013,OUTSIDE_LOCAL_V04_GATE,quality/G0_HUMAN_APPROVAL_LEDGER.json
GIT-014,GIT,1ebda5efe66e9730a359c8e44be080a0ff369bf84f4eb8a3d4b09ed3b8207164,CM,CM,"PO, LA, SO, CM","I,T",procedures/AUTHORING_AND_GIT.md,NG-WP-03,NG-WP-05;NG-WP-08,4,,G0,G3,,NGV-GIT-014,NGR-GIT-014,OUTSIDE_LOCAL_V04_GATE,quality/G0_HUMAN_APPROVAL_LEDGER.json
GIT-015,GIT,3c616618f3a910a950871d0157127fabec76fab6ad9587ba44ca9c4e1adbdce2,LA,LA,"PO, LA, SO, CM",T,procedures/AUTHORING_AND_GIT.md,NG-WP-03,NG-WP-05;NG-WP-08,4,,G0,G3,,NGV-GIT-015,NGR-GIT-015,OUTSIDE_LOCAL_V04_GATE,quality/G0_HUMAN_APPROVAL_LEDGER.json
GIT-016,GIT,72956139fbb062ca6261318cb8f7558511b444576631025a58f35bc2674e9988,CM,CM,"PO, LA, SO, CM",T,procedures/AUTHORING_AND_GIT.md,NG-WP-03,NG-WP-05;NG-WP-08,4,,G0,G3,,NGV-GIT-016,NGR-GIT-016,OUTSIDE_LOCAL_V04_GATE,quality/G0_HUMAN_APPROVAL_LEDGER.json
GIT-017,GIT,ee31cb7bc23fe1b120c043a2c2c053bf52bf7d92d41cf9aa828e6592cf4f385e,CM,CM,"PO, LA, SO, CM","I,T",procedures/AUTHORING_AND_GIT.md,NG-WP-03,NG-WP-05;NG-WP-08,4,,G0,G3,,NGV-GIT-017,NGR-GIT-017,OUTSIDE_LOCAL_V04_GATE,quality/G0_HUMAN_APPROVAL_LEDGER.json
GIT-018,GIT,0bd711e4c6adf8cf782af44b527b38183dd7505a8bbd9e6902296435a7b0ad08,CM,CM,"PO, LA, SO, CM",T,procedures/AUTHORING_AND_GIT.md,NG-WP-03,NG-WP-05;NG-WP-08,4,,G0,G3,,NGV-GIT-018,NGR-GIT-018,OUTSIDE_LOCAL_V04_GATE,quality/G0_HUMAN_APPROVAL_LEDGER.json
GIT-019,GIT,133681db135bdaf429495ad46278387f6493ae4b197f285f1b79e8fc47f7ef35,MO,MO,"PO, LA, SO, CM",T,procedures/AUTHORING_AND_GIT.md,NG-WP-03,NG-WP-05;NG-WP-08,4,,G0,G3,,NGV-GIT-019,NGR-GIT-019,OUTSIDE_LOCAL_V04_GATE,quality/G0_HUMAN_APPROVAL_LEDGER.json
GIT-020,GIT,763da08662d5256ddfa26aeff7f0c1a79899897b435760935bc8a5eddb550997,CM,CM,"PO, LA, SO, CM",T,procedures/AUTHORING_AND_GIT.md,NG-WP-03,NG-WP-05;NG-WP-08,4,,G0,G3,,NGV-GIT-020,NGR-GIT-020,OUTSIDE_LOCAL_V04_GATE,quality/G0_HUMAN_APPROVAL_LEDGER.json
GIT-021,GIT,c2078a377724518cee678502d2d4cd7436bfb4578a0da85d26649c5452a22758,SO,SO,"PO, LA, SO, CM",T,procedures/AUTHORING_AND_GIT.md,NG-WP-03,NG-WP-05;NG-WP-08,4,,G0,G3,,NGV-GIT-021,NGR-GIT-021,OUTSIDE_LOCAL_V04_GATE,quality/G0_HUMAN_APPROVAL_LEDGER.json
GIT-022,GIT,c3f22130ed748650df1e3f8bb1d214e74f2294536001dfad0ca75f722b03b908,QL,QL,"PO, LA, SO, CM",T,procedures/AUTHORING_AND_GIT.md,NG-WP-03,NG-WP-05;NG-WP-08,4,,G0,G3,,NGV-GIT-022,NGR-GIT-022,OUTSIDE_LOCAL_V04_GATE,quality/G0_HUMAN_APPROVAL_LEDGER.json
GIT-023,GIT,77b0ae2d1a5ec0ef909869e56ca27367c66432122dbca73764fbb1b811e0ccf4,CM,CM,"PO, LA, SO, CM",T,procedures/AUTHORING_AND_GIT.md,NG-WP-03,NG-WP-05;NG-WP-08,4,,G0,G3,,NGV-GIT-023,NGR-GIT-023,OUTSIDE_LOCAL_V04_GATE,quality/G0_HUMAN_APPROVAL_LEDGER.json
GIT-024,GIT,92990a6c126d2b3cefef922a47c29cf85f5523a94709fdab9c528544cc84cae1,PO,PO,"PO, LA, SO, CM","D,T",procedures/AUTHORING_AND_GIT.md,NG-WP-03,NG-WP-05;NG-WP-08,4,,G0,G3,,NGV-GIT-024,NGR-GIT-024,OUTSIDE_LOCAL_V04_GATE,quality/G0_HUMAN_APPROVAL_LEDGER.json
REL-001,REL,b29738ff00141081622d23c3d87f1640c25e839e197ed525d53228f8b1931f24,SA,SA,"MO, SA, DA, SO, CM",T,architecture/RELIABILITY_AND_RECOVERY.md,NG-WP-07,NG-WP-08,7,,G0,G4,,NGV-REL-001,NGR-REL-001,OUTSIDE_LOCAL_V04_GATE,quality/G0_HUMAN_APPROVAL_LEDGER.json
REL-002,REL,ab1563340042ae4f50d2dfab2e98482daa1f53ad11cb8ae86ecbd753c2de2b22,SA,SA,"MO, SA, DA, SO, CM",T,architecture/RELIABILITY_AND_RECOVERY.md,NG-WP-07,NG-WP-08,7,,G0,G4,,NGV-REL-002,NGR-REL-002,OUTSIDE_LOCAL_V04_GATE,quality/G0_HUMAN_APPROVAL_LEDGER.json
REL-003,REL,e6b3a924cbcbb0b8f50a08e3f703ce2e0066e8d71960f6b325d4ad9e729a42db,SA,SA,"MO, SA, DA, SO, CM","A,T",architecture/RELIABILITY_AND_RECOVERY.md,NG-WP-07,NG-WP-08,7,,G0,G4,,NGV-REL-003,NGR-REL-003,OUTSIDE_LOCAL_V04_GATE,quality/G0_HUMAN_APPROVAL_LEDGER.json
REL-004,REL,0c5fb3158607455675253ddb2ab20564059f22b2f28a11e8556b190e08b24ed6,MO,MO,"MO, SA, DA, SO, CM","T,E",architecture/RELIABILITY_AND_RECOVERY.md,NG-WP-07,NG-WP-08,7,,G0,G4,,NGV-REL-004,NGR-REL-004,OUTSIDE_LOCAL_V04_GATE,quality/G0_HUMAN_APPROVAL_LEDGER.json
REL-005,REL,2fb1d4173ec375914bb9171e4394adbf4530e36bcc29d34c19459b32312968f2,MO,MO,"MO, SA, DA, SO, CM","T,A",architecture/RELIABILITY_AND_RECOVERY.md,NG-WP-07,NG-WP-08,7,,G0,G4,,NGV-REL-005,NGR-REL-005,OUTSIDE_LOCAL_V04_GATE,quality/G0_HUMAN_APPROVAL_LEDGER.json
REL-006,REL,aae0e41609ebf5db23a2ca35f1504c6f117ee555d8efb9eff95c2faf9167909d,MO,MO,"MO, SA, DA, SO, CM",T,architecture/RELIABILITY_AND_RECOVERY.md,NG-WP-07,NG-WP-08,7,,G0,G4,,NGV-REL-006,NGR-REL-006,OUTSIDE_LOCAL_V04_GATE,quality/G0_HUMAN_APPROVAL_LEDGER.json
REL-007,REL,122e39d26897222e681fbeb86cf7d1028f87279c92f5b1d92ff4ac1c2bff42e0,SA,SA,"MO, SA, DA, SO, CM",T,architecture/RELIABILITY_AND_RECOVERY.md,NG-WP-07,NG-WP-08,7,,G0,G4,,NGV-REL-007,NGR-REL-007,OUTSIDE_LOCAL_V04_GATE,quality/G0_HUMAN_APPROVAL_LEDGER.json
REL-008,REL,4c3afea1faf17c097782e87ee193e4bff8942f7b7ea0ca71bd9cf323ef07e472,DA,DA,"MO, SA, DA, SO, CM",T,architecture/RELIABILITY_AND_RECOVERY.md,NG-WP-07,NG-WP-08,7,,G0,G4,,NGV-REL-008,NGR-REL-008,OUTSIDE_LOCAL_V04_GATE,quality/G0_HUMAN_APPROVAL_LEDGER.json
REL-009,REL,1d5113cec96944203218c1888d2b064e4152252370d4d027184a0eff573ceeb7,QL,QL,"MO, SA, DA, SO, CM","T,E",architecture/RELIABILITY_AND_RECOVERY.md,NG-WP-07,NG-WP-08,7,,G0,G4,,NGV-REL-009,NGR-REL-009,OUTSIDE_LOCAL_V04_GATE,quality/G0_HUMAN_APPROVAL_LEDGER.json
REL-010,REL,3156ae360ee553c8d7395928634623fe26a34d5788fe75c9042b33b1653ef286,PO,PO,"MO, SA, DA, SO, CM","I,A",architecture/RELIABILITY_AND_RECOVERY.md,NG-WP-07,NG-WP-08,7,,G0,G4,,NGV-REL-010,NGR-REL-010,OUTSIDE_LOCAL_V04_GATE,quality/G0_HUMAN_APPROVAL_LEDGER.json
REL-011,REL,b0d58a6a6b997a3199696b611d54114e78c857917fbcc186959146ef990e2a57,MO,MO,"MO, SA, DA, SO, CM",T,architecture/RELIABILITY_AND_RECOVERY.md,NG-WP-07,NG-WP-08,7,,G0,G4,,NGV-REL-011,NGR-REL-011,OUTSIDE_LOCAL_V04_GATE,quality/G0_HUMAN_APPROVAL_LEDGER.json
REL-012,REL,1db4d2c1888177981f930abc7cafaecdf7ba163b397eaaa56b3352a01e130a73,SA,SA,"MO, SA, DA, SO, CM","T,E",architecture/RELIABILITY_AND_RECOVERY.md,NG-WP-07,NG-WP-08,7,,G0,G4,,NGV-REL-012,NGR-REL-012,OUTSIDE_LOCAL_V04_GATE,quality/G0_HUMAN_APPROVAL_LEDGER.json
REL-013,REL,6682b009012d12c24dc051c36682ab436e6b02ba900e5c06e97001833241be2a,CM,CM,"MO, SA, DA, SO, CM",E,architecture/RELIABILITY_AND_RECOVERY.md,NG-WP-07,NG-WP-08,7,,G0,G4,,NGV-REL-013,NGR-REL-013,OUTSIDE_LOCAL_V04_GATE,quality/G0_HUMAN_APPROVAL_LEDGER.json
REL-014,REL,312409dbad2497985b10a2f8fc057c60aad315f439cece0d24be10cf6b8a6bd9,SA,SA,"MO, SA, DA, SO, CM","A,T",architecture/RELIABILITY_AND_RECOVERY.md,NG-WP-07,NG-WP-08,7,,G0,G4,,NGV-REL-014,NGR-REL-014,OUTSIDE_LOCAL_V04_GATE,quality/G0_HUMAN_APPROVAL_LEDGER.json
REL-015,REL,83b5d662050e60046e53c534d5f87ef25ffacb460f246fc36296327a3fc98b5d,PO,PO,"MO, SA, DA, SO, CM","I,A",architecture/RELIABILITY_AND_RECOVERY.md,NG-WP-07,NG-WP-08,7,,G0,G4,,NGV-REL-015,NGR-REL-015,OUTSIDE_LOCAL_V04_GATE,quality/G0_HUMAN_APPROVAL_LEDGER.json
REL-016,REL,144a9eac5ed948757e635e26532bdba6644993cb84796c6d39c65ab0605c0101,SA,SA,"MO, SA, DA, SO, CM",T,architecture/RELIABILITY_AND_RECOVERY.md,NG-WP-07,NG-WP-08,7,,G0,G4,,NGV-REL-016,NGR-REL-016,OUTSIDE_LOCAL_V04_GATE,quality/G0_HUMAN_APPROVAL_LEDGER.json
REL-017,REL,4c6018e6c46a18ae543f4ea9dd4fdef99f27166840cba48214f21c1349ed802f,SA,SA,"MO, SA, DA, SO, CM","T,A",architecture/RELIABILITY_AND_RECOVERY.md,NG-WP-07,NG-WP-08,7,,G0,G4,,NGV-REL-017,NGR-REL-017,OUTSIDE_LOCAL_V04_GATE,quality/G0_HUMAN_APPROVAL_LEDGER.json
REL-018,REL,300176afcdcf3496866f4dcd359fdb13e8dd2bd2a708f242ea9ac348307e70ca,SA,SA,"MO, SA, DA, SO, CM",T,architecture/RELIABILITY_AND_RECOVERY.md,NG-WP-07,NG-WP-08,7,,G0,G4,,NGV-REL-018,NGR-REL-018,OUTSIDE_LOCAL_V04_GATE,quality/G0_HUMAN_APPROVAL_LEDGER.json
REL-019,REL,acb9fc01f774d5188e87859b4193d876b8de844f48d49d5a473662db9f436883,MO,MO,"MO, SA, DA, SO, CM",T,architecture/RELIABILITY_AND_RECOVERY.md,NG-WP-07,NG-WP-08,7,,G0,G4,,NGV-REL-019,NGR-REL-019,OUTSIDE_LOCAL_V04_GATE,quality/G0_HUMAN_APPROVAL_LEDGER.json
REL-020,REL,b2414c2eda4540e6bfee79c5de1207135cc26916c9379e9668c8bd5c43855815,SA,SA,"MO, SA, DA, SO, CM","I,T",architecture/RELIABILITY_AND_RECOVERY.md,NG-WP-07,NG-WP-08,7,,G0,G4,,NGV-REL-020,NGR-REL-020,OUTSIDE_LOCAL_V04_GATE,quality/G0_HUMAN_APPROVAL_LEDGER.json
REL-021,REL,20ef49beab9fb88dd35333d3931afad2a3ddd8b214f3e96f7a346597ed3d806e,MO,MO,"MO, SA, DA, SO, CM",T,architecture/RELIABILITY_AND_RECOVERY.md,NG-WP-07,NG-WP-08,7,,G0,G4,,NGV-REL-021,NGR-REL-021,OUTSIDE_LOCAL_V04_GATE,quality/G0_HUMAN_APPROVAL_LEDGER.json
REL-022,REL,f7ed18eb5920fc600c80726b9dce220d23e47503a0be7b0e05a8ee5d523aaa41,SA,SA,"MO, SA, DA, SO, CM",T,architecture/RELIABILITY_AND_RECOVERY.md,NG-WP-07,NG-WP-08,7,,G0,G4,,NGV-REL-022,NGR-REL-022,OUTSIDE_LOCAL_V04_GATE,quality/G0_HUMAN_APPROVAL_LEDGER.json
REL-023,REL,6ed26525afbe2284a4bef3e4662264b920f1b4e09a0a738b8b68589c79c8d3fa,SA,SA,"MO, SA, DA, SO, CM","A,T",architecture/RELIABILITY_AND_RECOVERY.md,NG-WP-07,NG-WP-08,7,,G0,G4,,NGV-REL-023,NGR-REL-023,OUTSIDE_LOCAL_V04_GATE,quality/G0_HUMAN_APPROVAL_LEDGER.json
REL-024,REL,9419e42a2c9d06923b9f285bf190b7e79a41b8d48ca5d3eb463d11495d6b84cc,CM,CM,"MO, SA, DA, SO, CM","T,E",architecture/RELIABILITY_AND_RECOVERY.md,NG-WP-07,NG-WP-08,7,,G0,G4,,NGV-REL-024,NGR-REL-024,OUTSIDE_LOCAL_V04_GATE,quality/G0_HUMAN_APPROVAL_LEDGER.json
REL-025,REL,9a4803d8aec9bc3134b34f6bc79a87403e7a8c1c27e5c7e33674a1cfdfa878cc,MO,MO,"MO, SA, DA, SO, CM","T,E",architecture/RELIABILITY_AND_RECOVERY.md,NG-WP-07,NG-WP-08,7,,G0,G4,,NGV-REL-025,NGR-REL-025,OUTSIDE_LOCAL_V04_GATE,quality/G0_HUMAN_APPROVAL_LEDGER.json
REL-026,REL,cf33092a80752b6944ea974985450857b2112457dfe20ab3e9ea08dee262804c,MO,MO,"MO, SA, DA, SO, CM","T,D",architecture/RELIABILITY_AND_RECOVERY.md,NG-WP-07,NG-WP-08,7,,G0,G4,,NGV-REL-026,NGR-REL-026,OUTSIDE_LOCAL_V04_GATE,quality/G0_HUMAN_APPROVAL_LEDGER.json
REL-027,REL,6393af82d287496e825a4a3edc93312ae26d9e21f10261e3e645b9686b2ba185,QL,QL,"MO, SA, DA, SO, CM",T,architecture/RELIABILITY_AND_RECOVERY.md,NG-WP-07,NG-WP-08,7,,G0,G4,,NGV-REL-027,NGR-REL-027,OUTSIDE_LOCAL_V04_GATE,quality/G0_HUMAN_APPROVAL_LEDGER.json
REL-028,REL,7f9a36e5636de3451870378d026c9878d0a737e62755024f43a598c53d5f1f86,SA,SA,"MO, SA, DA, SO, CM",T,architecture/RELIABILITY_AND_RECOVERY.md,NG-WP-07,NG-WP-08,7,,G0,G4,,NGV-REL-028,NGR-REL-028,OUTSIDE_LOCAL_V04_GATE,quality/G0_HUMAN_APPROVAL_LEDGER.json
REL-029,REL,5c0de87df60f39fc36ab6fd1ddbe55fe4dc74047ee76b2ba08216557b9f50efc,MO,MO,"MO, SA, DA, SO, CM","T,E",architecture/RELIABILITY_AND_RECOVERY.md,NG-WP-07,NG-WP-08,7,,G0,G4,,NGV-REL-029,NGR-REL-029,OUTSIDE_LOCAL_V04_GATE,quality/G0_HUMAN_APPROVAL_LEDGER.json
SEC-001,SEC,cb09fd37a3c67e57ceff6546ce543032d726d3d607dc76e1511cd17314cb7023,GA/SY,PENDING_OWNER_SELECTION,"GA, SY, RO, AS, SO","I,A",security/NIST_REQUIREMENT_ASSESSMENT_MATRIX.md,NG-WP-00,NG-WP-06;NG-WP-08,0,6;8,G0,G0,G5;G9,NGV-SEC-001,NGR-SEC-001,OUTSIDE_LOCAL_V04_GATE,quality/G0_HUMAN_APPROVAL_LEDGER.json
SEC-002,SEC,4d4368e6397f0489a0a80ea2179622e42c5bc2436a11c715fa4b8b4207dcac5e,SY/SO,PENDING_OWNER_SELECTION,"GA, SY, RO, AS, SO","I,E",security/NIST_REQUIREMENT_ASSESSMENT_MATRIX.md,NG-WP-00,NG-WP-06;NG-WP-08,0,6;8,G0,G0,G5;G9,NGV-SEC-002,NGR-SEC-002,OUTSIDE_LOCAL_V04_GATE,quality/G0_HUMAN_APPROVAL_LEDGER.json
SEC-003,SEC,b9339f33f2183356626446a2eb61a70070d0703fe4354704ce51fc05976d8500,SO,SO,"GA, SY, RO, MO, SA, SO","I,T",security/SECURITY_ARCHITECTURE.md,NG-WP-01,NG-WP-02;NG-WP-04;NG-WP-06;NG-WP-08,1,,G0,G5,,NGV-SEC-003,NGR-SEC-003,OUTSIDE_LOCAL_V04_GATE,quality/G0_HUMAN_APPROVAL_LEDGER.json
SEC-004,SEC,9ccbf87bd69643344077cb7b1efdbdc77c772f202bf52612ce4f7cb659a93d0b,SO,SO,"GA, SY, RO, MO, SA, SO",T,security/SECURITY_ARCHITECTURE.md,NG-WP-01,NG-WP-02;NG-WP-04;NG-WP-06;NG-WP-08,1,,G0,G5,,NGV-SEC-004,NGR-SEC-004,OUTSIDE_LOCAL_V04_GATE,quality/G0_HUMAN_APPROVAL_LEDGER.json
SEC-005,SEC,b6f5dc99cbd1d2efffdbd65f2092d29213b0e66f4f613a0e4ad6b47fdd39ea84,SO,SO,"GA, SY, RO, MO, SA, SO","I,T",security/SECURITY_ARCHITECTURE.md,NG-WP-01,NG-WP-02;NG-WP-04;NG-WP-06;NG-WP-08,1,,G0,G5,,NGV-SEC-005,NGR-SEC-005,OUTSIDE_LOCAL_V04_GATE,quality/G0_HUMAN_APPROVAL_LEDGER.json
SEC-006,SEC,18326a6c624c884e68c816b349b0f1cf56844e280294c30cab9f8a6713e92db8,SO,SO,"GA, SY, RO, MO, SA, SO","I,T",security/SECURITY_ARCHITECTURE.md,NG-WP-01,NG-WP-02;NG-WP-04;NG-WP-06;NG-WP-08,1,,G0,G5,,NGV-SEC-006,NGR-SEC-006,OUTSIDE_LOCAL_V04_GATE,quality/G0_HUMAN_APPROVAL_LEDGER.json
SEC-007,SEC,42ae238c6c6c2e16c43cfc6861a29bd6a330d58589c7e4ff019955ce2fc03290,SO,SO,"GA, SY, RO, MO, SA, SO","T,D",security/SECURITY_ARCHITECTURE.md,NG-WP-02,NG-WP-04;NG-WP-06;NG-WP-08,1,,G0,G5,,NGV-SEC-007,NGR-SEC-007,OUTSIDE_LOCAL_V04_GATE,quality/G0_HUMAN_APPROVAL_LEDGER.json
SEC-008,SEC,e36c953d63c87744bdfbf1208a952dded119b2d2354c58670cf2c24f771d22f9,SO,SO,"GA, SY, RO, MO, SA, SO","I,T",security/SECURITY_ARCHITECTURE.md,NG-WP-02,NG-WP-06;NG-WP-08,1,,G0,G5,,NGV-SEC-008,NGR-SEC-008,OUTSIDE_LOCAL_V04_GATE,quality/G0_HUMAN_APPROVAL_LEDGER.json
SEC-009,SEC,19c3c821a9e98974b1e40c83225d8892211ec7b9807fe1024eaf9e9085ffb0db,SO,SO,"GA, SY, RO, MO, SA, SO","I,T",security/SECURITY_ARCHITECTURE.md,NG-WP-02,NG-WP-06;NG-WP-08,1,,G0,G5,,NGV-SEC-009,NGR-SEC-009,OUTSIDE_LOCAL_V04_GATE,quality/G0_HUMAN_APPROVAL_LEDGER.json
SEC-010,SEC,3de97856e4666ae6808fcb55d74df34745e06fc9276a96afccd5a73e1085a8d0,SO,SO,"GA, SY, RO, MO, SA, SO",T,security/SECURITY_ARCHITECTURE.md,NG-WP-01,NG-WP-02;NG-WP-04;NG-WP-06;NG-WP-08,1,,G0,G5,,NGV-SEC-010,NGR-SEC-010,OUTSIDE_LOCAL_V04_GATE,quality/G0_HUMAN_APPROVAL_LEDGER.json
SEC-011,SEC,3edcc3351bc9e06254e87b07272db93b68a20339272c0dcbdbe75c52bec3e031,SO,SO,"GA, SY, RO, MO, SA, SO","T,E",security/SECURITY_ARCHITECTURE.md,NG-WP-02,NG-WP-04;NG-WP-06;NG-WP-08,1,,G0,G5,,NGV-SEC-011,NGR-SEC-011,OUTSIDE_LOCAL_V04_GATE,quality/G0_HUMAN_APPROVAL_LEDGER.json
SEC-012,SEC,9cce36e083ee7561fb72aff207ade5c526783210bc14edae00e7e6c809008c01,SO,SO,"GA, SY, RO, MO, SA, SO","I,T",security/SECURITY_ARCHITECTURE.md,NG-WP-02,NG-WP-06;NG-WP-08,1,,G0,G5,,NGV-SEC-012,NGR-SEC-012,OUTSIDE_LOCAL_V04_GATE,quality/G0_HUMAN_APPROVAL_LEDGER.json
SEC-013,SEC,93e8076783b6d398d65de5c1fb9049c202b48e8d76374c44a00d95bd3a838ba0,SO,SO,"GA, SY, RO, MO, SA, SO","I,T",security/SECURITY_ARCHITECTURE.md,NG-WP-02,NG-WP-06;NG-WP-08,1,,G0,G5,,NGV-SEC-013,NGR-SEC-013,OUTSIDE_LOCAL_V04_GATE,quality/G0_HUMAN_APPROVAL_LEDGER.json
SEC-014,SEC,a5eb3035cab12646cd7ae6843c4b780fe6d3df2fb0ff931e65f930a406a4c1a9,SO,SO,"GA, SY, RO, MO, SA, SO",T,security/SECURITY_ARCHITECTURE.md,NG-WP-02,NG-WP-06;NG-WP-08,1,,G0,G5,,NGV-SEC-014,NGR-SEC-014,OUTSIDE_LOCAL_V04_GATE,quality/G0_HUMAN_APPROVAL_LEDGER.json
SEC-015,SEC,1bca9a60d8446bdfe477712f6f4367b2f03bb6dc9f6bcb47687ea35973b1fe18,SO,SO,"GA, SY, RO, MO, SA, SO","I,T",security/SECURITY_ARCHITECTURE.md,NG-WP-02,NG-WP-06;NG-WP-08,1,,G0,G5,,NGV-SEC-015,NGR-SEC-015,OUTSIDE_LOCAL_V04_GATE,quality/G0_HUMAN_APPROVAL_LEDGER.json
SEC-016,SEC,0f5f3d78c8fd44258a24fde5d24378703f8864d4844646f6b1dde32b81fa2cee,CM,CM,"GA, SY, RO, MO, SA, SO","I,T",security/SECURITY_ARCHITECTURE.md,NG-WP-02,NG-WP-06;NG-WP-08,1,,G0,G5,,NGV-SEC-016,NGR-SEC-016,OUTSIDE_LOCAL_V04_GATE,quality/G0_HUMAN_APPROVAL_LEDGER.json
SEC-017,SEC,91c531c9f5baa8a339f5f1976309457d53ea7f0317c03487f476e16a03c5a41d,SO,SO,"GA, SY, RO, MO, SA, SO",T,security/SECURITY_ARCHITECTURE.md,NG-WP-02,NG-WP-06;NG-WP-08,1,,G0,G5,,NGV-SEC-017,NGR-SEC-017,OUTSIDE_LOCAL_V04_GATE,quality/G0_HUMAN_APPROVAL_LEDGER.json
SEC-018,SEC,f601e0c8e5ec926c13d89077289e0d02a33fd6da045dd17d74da870c78abf356,SO,SO,"GA, SY, RO, MO, SA, SO","I,E",security/SECURITY_ARCHITECTURE.md,NG-WP-02,NG-WP-06;NG-WP-08,1,,G0,G5,,NGV-SEC-018,NGR-SEC-018,OUTSIDE_LOCAL_V04_GATE,quality/G0_HUMAN_APPROVAL_LEDGER.json
SEC-019,SEC,d24844f8d5c6f6b37ab6be12884514b118c130caddf9dc636f7bf2b946e92860,SO,SO,"GA, SY, RO, MO, SA, SO","T,E",security/SECURITY_ARCHITECTURE.md,NG-WP-02,NG-WP-04;NG-WP-06;NG-WP-08,1,,G0,G5,,NGV-SEC-019,NGR-SEC-019,OUTSIDE_LOCAL_V04_GATE,quality/G0_HUMAN_APPROVAL_LEDGER.json
SEC-020,SEC,eb61079eb700d7d2a181eacf0179e00797946122bc43e16b0955b33833113997,SO,SO,"GA, SY, RO, MO, SA, SO","I,T",security/SECURITY_ARCHITECTURE.md,NG-WP-02,NG-WP-06;NG-WP-08,1,,G0,G5,,NGV-SEC-020,NGR-SEC-020,OUTSIDE_LOCAL_V04_GATE,quality/G0_HUMAN_APPROVAL_LEDGER.json
SEC-021,SEC,cdae7de1903f30c0327ab5a4571af3bcdf7160fb8e1bec8fc934f0d05f7a5882,SO,SO,"GA, SY, RO, MO, SA, SO",I,security/SECURITY_ARCHITECTURE.md,NG-WP-02,NG-WP-06;NG-WP-08,1,,G0,G5,,NGV-SEC-021,NGR-SEC-021,OUTSIDE_LOCAL_V04_GATE,quality/G0_HUMAN_APPROVAL_LEDGER.json
SEC-022,SEC,16bff417ee1098aa44698afd122b5dbc8923f2b9b931701e70a3b3ab6ac3fe8e,AS/QL,PENDING_OWNER_SELECTION,"GA, SY, RO, AS, SO","I,E",security/NIST_REQUIREMENT_ASSESSMENT_MATRIX.md,NG-WP-06,NG-WP-08,8,,G0,G5,,NGV-SEC-022,NGR-SEC-022,OUTSIDE_LOCAL_V04_GATE,quality/G0_HUMAN_APPROVAL_LEDGER.json
SEC-023,SEC,35f0a86cb8f89677b75f462c597058d81733c25018dc7164436cb54b449ca3d5,AS/SO,PENDING_OWNER_SELECTION,"GA, SY, RO, AS, SO","I,E",security/NIST_REQUIREMENT_ASSESSMENT_MATRIX.md,NG-WP-06,NG-WP-08,8,,G0,G5,,NGV-SEC-023,NGR-SEC-023,OUTSIDE_LOCAL_V04_GATE,quality/G0_HUMAN_APPROVAL_LEDGER.json
OPS-001,OPS,80610d10c421b8000ccc8eb2f94ff17474c9ae0382c438f91297325863571283,PO,PO,"PO, MO, SA, SO","I,E",operations/OPERATIONS_AND_OBSERVABILITY.md,NG-WP-07,NG-WP-08,7,,G0,G8,,NGV-OPS-001,NGR-OPS-001,OUTSIDE_LOCAL_V04_GATE,quality/G0_HUMAN_APPROVAL_LEDGER.json
OPS-002,OPS,15ace705848bb5611a287917f15efb809d4259788fb97cfdcce4991d0f50010b,SO,SO,"PO, MO, SA, SO","I,T",operations/OPERATIONS_AND_OBSERVABILITY.md,NG-WP-07,NG-WP-08,7,,G0,G8,,NGV-OPS-002,NGR-OPS-002,OUTSIDE_LOCAL_V04_GATE,quality/G0_HUMAN_APPROVAL_LEDGER.json
OPS-003,OPS,6327ffb66e49323654ae9aa402ea53243c3a85214b5fb1c1b35dcb56be964ad6,SO,SO,"PO, MO, SA, SO",T,operations/OPERATIONS_AND_OBSERVABILITY.md,NG-WP-07,NG-WP-08,7,,G0,G8,,NGV-OPS-003,NGR-OPS-003,OUTSIDE_LOCAL_V04_GATE,quality/G0_HUMAN_APPROVAL_LEDGER.json
OPS-004,OPS,9122b15f6f31388c78e5c4bf075c1b63efac8d892f62ceb3b82ddc3a9c13a278,MO,MO,"PO, MO, SA, SO","T,E",operations/OPERATIONS_AND_OBSERVABILITY.md,NG-WP-07,NG-WP-08,7,,G0,G8,,NGV-OPS-004,NGR-OPS-004,OUTSIDE_LOCAL_V04_GATE,quality/G0_HUMAN_APPROVAL_LEDGER.json
OPS-005,OPS,ecc269c3f402470c932776acbcc6540ff3732e0529d99bb9a6b243c74cf79fe3,QL,QL,"PO, MO, SA, SO","T,E",operations/OPERATIONS_AND_OBSERVABILITY.md,NG-WP-07,NG-WP-08,7,,G0,G8,,NGV-OPS-005,NGR-OPS-005,OUTSIDE_LOCAL_V04_GATE,quality/G0_HUMAN_APPROVAL_LEDGER.json
OPS-006,OPS,bed261afc955bae1cff90e89cededd152f9aa0d251b52bdb5bb763740285a441,MO,MO,"PO, MO, SA, SO","I,E",operations/OPERATIONS_AND_OBSERVABILITY.md,NG-WP-07,NG-WP-08,7,,G0,G8,,NGV-OPS-006,NGR-OPS-006,OUTSIDE_LOCAL_V04_GATE,quality/G0_HUMAN_APPROVAL_LEDGER.json
OPS-007,OPS,ce7ad8d37b71fd2e09d27f88f401cae74e4ec81d6435f56e1fc85ad6401305a1,SO,SO,"PO, MO, SA, SO","I,T",operations/OPERATIONS_AND_OBSERVABILITY.md,NG-WP-07,NG-WP-08,7,,G0,G8,,NGV-OPS-007,NGR-OPS-007,OUTSIDE_LOCAL_V04_GATE,quality/G0_HUMAN_APPROVAL_LEDGER.json
OPS-008,OPS,33193789fda9d46b0485f5953fb3efdedcdd255256427f50da5f75de039363ef,CM,CM,"PO, MO, SA, SO","D,T",operations/OPERATIONS_AND_OBSERVABILITY.md,NG-WP-07,NG-WP-08,7,,G0,G8,,NGV-OPS-008,NGR-OPS-008,OUTSIDE_LOCAL_V04_GATE,quality/G0_HUMAN_APPROVAL_LEDGER.json
OPS-009,OPS,55ca152b31ae050f48dcb33bf92527962ea1fec0e9e170aa7e4c256e0ebf2436,SA,SA,"PO, MO, SA, SO",A,operations/OPERATIONS_AND_OBSERVABILITY.md,NG-WP-07,NG-WP-08,7,,G0,G8,,NGV-OPS-009,NGR-OPS-009,OUTSIDE_LOCAL_V04_GATE,quality/G0_HUMAN_APPROVAL_LEDGER.json
OPS-010,OPS,fe7887d08aab444136a29ea1afaf1f3df54d694a34cc3ca8247a5204a407e649,SO,SO,"PO, MO, SA, SO","I,T",operations/OPERATIONS_AND_OBSERVABILITY.md,NG-WP-07,NG-WP-08,7,,G0,G8,,NGV-OPS-010,NGR-OPS-010,OUTSIDE_LOCAL_V04_GATE,quality/G0_HUMAN_APPROVAL_LEDGER.json
COMP-001,COMP,07548a3f007530c6c2a02e167930c18ad7e7555a40d84ab144f679fae7185cc0,QL,QL,"LA, DA, MO, QL, CM",I,requirements/COMPATIBILITY_LEDGER.md,NG-WP-00,NG-WP-02;NG-WP-03;NG-WP-08,0,,G0,G3,,NGV-COMP-001,NGR-COMP-001,OUTSIDE_LOCAL_V04_GATE,quality/G0_HUMAN_APPROVAL_LEDGER.json
COMP-002,COMP,1c79cd8eb317a8f3574ab07ce0f9076d6f5e71ccb70798a62c43440f3ff46459,LA,LA,"LA, DA, MO, QL, CM",I,requirements/COMPATIBILITY_LEDGER.md,NG-WP-00,NG-WP-02;NG-WP-03;NG-WP-08,0,,G0,G3,,NGV-COMP-002,NGR-COMP-002,OUTSIDE_LOCAL_V04_GATE,quality/G0_HUMAN_APPROVAL_LEDGER.json
COMP-003,COMP,2f00c4958d6bf91496d0a093aa6ba3f881a398a0310550fbdacf9d17effc8fc6,QL,QL,"LA, DA, MO, QL, CM",I,requirements/COMPATIBILITY_LEDGER.md,NG-WP-00,NG-WP-02;NG-WP-03;NG-WP-08,0,,G0,G3,,NGV-COMP-003,NGR-COMP-003,OUTSIDE_LOCAL_V04_GATE,quality/G0_HUMAN_APPROVAL_LEDGER.json
COMP-004,COMP,7b20947d68b4d79e49634412b0b63bde9644d5948b50a834921d3ead29654cd8,LA,LA,"LA, DA, MO, QL, CM","I,T",requirements/COMPATIBILITY_LEDGER.md,NG-WP-00,NG-WP-02;NG-WP-03;NG-WP-08,0,,G0,G3,,NGV-COMP-004,NGR-COMP-004,OUTSIDE_LOCAL_V04_GATE,quality/G0_HUMAN_APPROVAL_LEDGER.json
COMP-005,COMP,194ae41e3b5350aea24515a92d068f224ca2f14b7fd7626b70630a83cfc15846,LA,LA,"LA, DA, MO, QL, CM",T,requirements/COMPATIBILITY_LEDGER.md,NG-WP-00,NG-WP-02;NG-WP-03;NG-WP-08,0,,G0,G3,,NGV-COMP-005,NGR-COMP-005,OUTSIDE_LOCAL_V04_GATE,quality/G0_HUMAN_APPROVAL_LEDGER.json
COMP-006,COMP,7c039610ed857fdd966b66762eff02fe588956b834fa1ff2456839d34e5e6bc8,LA,LA,"LA, DA, MO, QL, CM",T,requirements/COMPATIBILITY_LEDGER.md,NG-WP-00,NG-WP-02;NG-WP-03;NG-WP-08,0,,G0,G3,,NGV-COMP-006,NGR-COMP-006,OUTSIDE_LOCAL_V04_GATE,quality/G0_HUMAN_APPROVAL_LEDGER.json
COMP-007,COMP,0668dca451c6f1a99beb5b4fd65e416a25a6fd925a316e2e3718ba5076974325,DA,DA,"LA, DA, MO, QL, CM",T,requirements/COMPATIBILITY_LEDGER.md,NG-WP-00,NG-WP-02;NG-WP-03;NG-WP-08,0,,G0,G3,,NGV-COMP-007,NGR-COMP-007,OUTSIDE_LOCAL_V04_GATE,quality/G0_HUMAN_APPROVAL_LEDGER.json
COMP-008,COMP,894c0c793f4bea116cf09875c50b7ead80bfa03b4c627a23d986f01473ba2e99,LA,LA,"LA, DA, MO, QL, CM",T,requirements/COMPATIBILITY_LEDGER.md,NG-WP-00,NG-WP-02;NG-WP-03;NG-WP-08,0,,G0,G3,,NGV-COMP-008,NGR-COMP-008,OUTSIDE_LOCAL_V04_GATE,quality/G0_HUMAN_APPROVAL_LEDGER.json
COMP-009,COMP,8bd6003b24399b40ec9b4c1bbb1aa5eb35eda1e75323ec4c779b521c9bc6577d,MO,MO,"LA, DA, MO, QL, CM","I,D",requirements/COMPATIBILITY_LEDGER.md,NG-WP-00,NG-WP-02;NG-WP-03;NG-WP-08,0,,G0,G3,,NGV-COMP-009,NGR-COMP-009,OUTSIDE_LOCAL_V04_GATE,quality/G0_HUMAN_APPROVAL_LEDGER.json
COMP-010,COMP,e49372ecb425fcda952139a47d0620e5fe605322a1a378ace77ef3c0d66dcf59,QL,QL,"LA, DA, MO, QL, CM",T,requirements/COMPATIBILITY_LEDGER.md,NG-WP-00,NG-WP-02;NG-WP-03;NG-WP-08,0,,G0,G3,,NGV-COMP-010,NGR-COMP-010,OUTSIDE_LOCAL_V04_GATE,quality/G0_HUMAN_APPROVAL_LEDGER.json
COMP-011,COMP,a39b6b85faa1619dbef6fe451e744dae0c4ea0637a2516d38f229cf9d82c53b4,LA,LA,"LA, DA, MO, QL, CM",T,requirements/COMPATIBILITY_LEDGER.md,NG-WP-00,NG-WP-02;NG-WP-03;NG-WP-08,0,,G0,G3,,NGV-COMP-011,NGR-COMP-011,OUTSIDE_LOCAL_V04_GATE,quality/G0_HUMAN_APPROVAL_LEDGER.json
COMP-012,COMP,77a78291f301f65508794c6784435e5eefd9e7325ba0dd2c947da003d121eea6,MO,MO,"LA, DA, MO, QL, CM",I,requirements/COMPATIBILITY_LEDGER.md,NG-WP-00,NG-WP-02;NG-WP-03;NG-WP-08,0,,G0,G3,,NGV-COMP-012,NGR-COMP-012,OUTSIDE_LOCAL_V04_GATE,quality/G0_HUMAN_APPROVAL_LEDGER.json
COMP-013,COMP,559994475c0fde4be26c64ca0dc609011dd549d6df402c9ce1e272a732ec110e,CM,CM,"LA, DA, MO, QL, CM","I,T",requirements/COMPATIBILITY_LEDGER.md,NG-WP-00,NG-WP-02;NG-WP-03;NG-WP-08,0,,G0,G3,,NGV-COMP-013,NGR-COMP-013,OUTSIDE_LOCAL_V04_GATE,quality/G0_HUMAN_APPROVAL_LEDGER.json
COMP-014,COMP,01df58d17cf086bc94d5c1acb9ac5820d823a9def3e11fd2bd3b6f387daf47e2,QL,QL,"LA, DA, MO, QL, CM",I,requirements/COMPATIBILITY_LEDGER.md,NG-WP-00,NG-WP-02;NG-WP-03;NG-WP-08,0,,G0,G3,,NGV-COMP-014,NGR-COMP-014,OUTSIDE_LOCAL_V04_GATE,quality/G0_HUMAN_APPROVAL_LEDGER.json
COMP-015,COMP,f7b0f9851aee9635429243c6b34c250b27cfb23837b850907134bf150b088532,LA,LA,"LA, DA, MO, QL, CM",T,requirements/COMPATIBILITY_LEDGER.md,NG-WP-00,NG-WP-02;NG-WP-03;NG-WP-08,0,,G0,G3,,NGV-COMP-015,NGR-COMP-015,OUTSIDE_LOCAL_V04_GATE,quality/G0_HUMAN_APPROVAL_LEDGER.json
COMP-016,COMP,7be166da60fdcd5e2e93e70179727cce4cb4cb7edd9ae2ead1aed60af398cb04,SO,SO,"LA, DA, MO, QL, CM",T,requirements/COMPATIBILITY_LEDGER.md,NG-WP-00,NG-WP-02;NG-WP-03;NG-WP-08,0,,G0,G3,,NGV-COMP-016,NGR-COMP-016,OUTSIDE_LOCAL_V04_GATE,quality/G0_HUMAN_APPROVAL_LEDGER.json
COMP-017,COMP,79b3c8c906ac3ae1b4ededed22af05b672cd2e612d9a6d1f669b68b729c82c36,LA,LA,"LA, DA, MO, QL, CM",T,requirements/COMPATIBILITY_LEDGER.md,NG-WP-00,NG-WP-02;NG-WP-03;NG-WP-08,0,,G0,G3,,NGV-COMP-017,NGR-COMP-017,OUTSIDE_LOCAL_V04_GATE,quality/G0_HUMAN_APPROVAL_LEDGER.json
COMP-018,COMP,df49ae63d6b1f225a66bdaaf4b658652e7a59e9e8f518a07de21f9ac88f5821c,LA,LA,"LA, DA, MO, QL, CM",T,requirements/COMPATIBILITY_LEDGER.md,NG-WP-00,NG-WP-02;NG-WP-03;NG-WP-08,0,,G0,G3,,NGV-COMP-018,NGR-COMP-018,OUTSIDE_LOCAL_V04_GATE,quality/G0_HUMAN_APPROVAL_LEDGER.json
COMP-019,COMP,94e0934271137dd545ad91ebcbc826e01a28a7f63aff7180b251cb7316108548,QL,QL,"LA, DA, MO, QL, CM","T,D",requirements/COMPATIBILITY_LEDGER.md,NG-WP-00,NG-WP-02;NG-WP-03;NG-WP-08,0,,G0,G3,,NGV-COMP-019,NGR-COMP-019,OUTSIDE_LOCAL_V04_GATE,quality/G0_HUMAN_APPROVAL_LEDGER.json
COMP-020,COMP,47a631becdda07d5d9647f58ba4147a4f624ec6bbe88146c8d8344592b66c4ef,MO,MO,"LA, DA, MO, QL, CM","T,D",requirements/COMPATIBILITY_LEDGER.md,NG-WP-00,NG-WP-02;NG-WP-03;NG-WP-08,0,,G0,G3,,NGV-COMP-020,NGR-COMP-020,OUTSIDE_LOCAL_V04_GATE,quality/G0_HUMAN_APPROVAL_LEDGER.json
COMP-021,COMP,57f7cf1aefb51866a9ec98a21d27c1bf472945eba667ba10ae5179d0a16eb248,DA,DA,"LA, DA, MO, QL, CM",T,requirements/COMPATIBILITY_LEDGER.md,NG-WP-00,NG-WP-02;NG-WP-03;NG-WP-08,0,,G0,G3,,NGV-COMP-021,NGR-COMP-021,OUTSIDE_LOCAL_V04_GATE,quality/G0_HUMAN_APPROVAL_LEDGER.json
COMP-022,COMP,bdb17a52e22fbc4ddbb0d8bb327c31e9955ae08caf1503431e54952a00fce9f4,LA,LA,"LA, DA, MO, QL, CM",I,requirements/COMPATIBILITY_LEDGER.md,NG-WP-00,NG-WP-02;NG-WP-03;NG-WP-08,0,,G0,G3,,NGV-COMP-022,NGR-COMP-022,OUTSIDE_LOCAL_V04_GATE,quality/G0_HUMAN_APPROVAL_LEDGER.json
DEP-001,DEP,a818599148e0c7e8d5ed8560037a9c3840728d9e042edf34dfe6d0858b40b509,CM,CM,"PO, MO, SA, SO, CM","I,T",architecture/DEPLOYMENT_AND_SCALABILITY.md,NG-WP-02,NG-WP-07;NG-WP-08,1,,G0,G8,,NGV-DEP-001,NGR-DEP-001,OUTSIDE_LOCAL_V04_GATE,quality/G0_HUMAN_APPROVAL_LEDGER.json
DEP-002,DEP,5f68689abab30b05a2c42869066e047c8e69d85493615c9d97c6a04fd5e165e6,SA,SA,"PO, MO, SA, SO, CM","A,T",architecture/DEPLOYMENT_AND_SCALABILITY.md,NG-WP-02,NG-WP-07;NG-WP-08,1,,G0,G8,,NGV-DEP-002,NGR-DEP-002,OUTSIDE_LOCAL_V04_GATE,quality/G0_HUMAN_APPROVAL_LEDGER.json
DEP-003,DEP,6ae6e8c71a38b6cb4c2c5c74ae2c265c04ff8276b0de636b0764aeeef01d47e5,SA,SA,"PO, MO, SA, SO, CM","I,T",architecture/DEPLOYMENT_AND_SCALABILITY.md,NG-WP-02,NG-WP-07;NG-WP-08,1,,G0,G8,,NGV-DEP-003,NGR-DEP-003,OUTSIDE_LOCAL_V04_GATE,quality/G0_HUMAN_APPROVAL_LEDGER.json
DEP-004,DEP,0185551981d8009d24dfe951f69189404c8ca822ae2ca1af3c6c9e15ef695f7c,SA,SA,"PO, MO, SA, SO, CM","A,T",architecture/DEPLOYMENT_AND_SCALABILITY.md,NG-WP-02,NG-WP-07;NG-WP-08,1,,G0,G8,,NGV-DEP-004,NGR-DEP-004,OUTSIDE_LOCAL_V04_GATE,quality/G0_HUMAN_APPROVAL_LEDGER.json
DEP-005,DEP,f157a45959bffa6b8a17f8e2d0def67cb8c9901b88d587dc8cb4f9a5da60ef35,SA,SA,"PO, MO, SA, SO, CM","D,T",architecture/DEPLOYMENT_AND_SCALABILITY.md,NG-WP-02,NG-WP-07;NG-WP-08,1,,G0,G8,,NGV-DEP-005,NGR-DEP-005,OUTSIDE_LOCAL_V04_GATE,quality/G0_HUMAN_APPROVAL_LEDGER.json
DEP-006,DEP,b76792b240bf49dab64e9168396b3ae5dcc705e895a101996f12e7b4218d239a,SA,SA,"PO, MO, SA, SO, CM","A,T",architecture/DEPLOYMENT_AND_SCALABILITY.md,NG-WP-02,NG-WP-07;NG-WP-08,1,,G0,G8,,NGV-DEP-006,NGR-DEP-006,OUTSIDE_LOCAL_V04_GATE,quality/G0_HUMAN_APPROVAL_LEDGER.json
DEP-007,DEP,25078480f9b27c5d313544fd12a6824a7dd40595fdcececf31cdf4934db4368c,SA,SA,"PO, MO, SA, SO, CM","I,T",architecture/DEPLOYMENT_AND_SCALABILITY.md,NG-WP-02,NG-WP-07;NG-WP-08,1,,G0,G8,,NGV-DEP-007,NGR-DEP-007,OUTSIDE_LOCAL_V04_GATE,quality/G0_HUMAN_APPROVAL_LEDGER.json
DEP-008,DEP,d10cf3e2acf0400633dbf20729647a6ce11576a3dc4b0ef60a64d5e16194e369,CM,CM,"PO, MO, SA, SO, CM","I,T",architecture/DEPLOYMENT_AND_SCALABILITY.md,NG-WP-02,NG-WP-07;NG-WP-08,1,,G0,G8,,NGV-DEP-008,NGR-DEP-008,OUTSIDE_LOCAL_V04_GATE,quality/G0_HUMAN_APPROVAL_LEDGER.json
DEP-009,DEP,5821c1a7d901a755df7f3005deaca6f763e7f7123c6b51ab5ee96048a2606765,CM,CM,"PO, MO, SA, SO, CM",T,architecture/DEPLOYMENT_AND_SCALABILITY.md,NG-WP-02,NG-WP-07;NG-WP-08,1,,G0,G8,,NGV-DEP-009,NGR-DEP-009,OUTSIDE_LOCAL_V04_GATE,quality/G0_HUMAN_APPROVAL_LEDGER.json
DEP-010,DEP,a67bbebf18d1272323d1b0aee5828f08f3017d7854359ba351571ede9877efdb,SO,SO,"PO, MO, SA, SO, CM","I,T",architecture/DEPLOYMENT_AND_SCALABILITY.md,NG-WP-02,NG-WP-07;NG-WP-08,1,,G0,G8,,NGV-DEP-010,NGR-DEP-010,OUTSIDE_LOCAL_V04_GATE,quality/G0_HUMAN_APPROVAL_LEDGER.json
DEP-011,DEP,f3b804070f2c4f4413042bb7de63fc79a63795d4c9e3f2f3417e0c91db0adeb5,CM,CM,"PO, MO, SA, SO, CM","I,T",architecture/DEPLOYMENT_AND_SCALABILITY.md,NG-WP-02,NG-WP-07;NG-WP-08,1,,G0,G8,,NGV-DEP-011,NGR-DEP-011,OUTSIDE_LOCAL_V04_GATE,quality/G0_HUMAN_APPROVAL_LEDGER.json
DEP-012,DEP,7aac675108b7b7f11a9208e98aad7e5d532aba271a2cbcf47385850a8721a938,SA,SA,"PO, MO, SA, SO, CM","T,A",architecture/DEPLOYMENT_AND_SCALABILITY.md,NG-WP-02,NG-WP-07;NG-WP-08,1,,G0,G8,,NGV-DEP-012,NGR-DEP-012,OUTSIDE_LOCAL_V04_GATE,quality/G0_HUMAN_APPROVAL_LEDGER.json
DEP-013,DEP,050e6ee4b9a67ce1f14a8ec751924dfce69e37e017879a4420f472238f0dac2d,SA,SA,"PO, MO, SA, SO, CM","A,T",architecture/DEPLOYMENT_AND_SCALABILITY.md,NG-WP-02,NG-WP-07;NG-WP-08,1,,G0,G8,,NGV-DEP-013,NGR-DEP-013,OUTSIDE_LOCAL_V04_GATE,quality/G0_HUMAN_APPROVAL_LEDGER.json
DEP-014,DEP,4252be24b82c84718547083614219a38e5fb5412448e9e2e6ab7ebea1d75d573,SO,SO,"PO, MO, SA, SO, CM","A,T",architecture/DEPLOYMENT_AND_SCALABILITY.md,NG-WP-02,NG-WP-07;NG-WP-08,1,,G0,G8,,NGV-DEP-014,NGR-DEP-014,OUTSIDE_LOCAL_V04_GATE,quality/G0_HUMAN_APPROVAL_LEDGER.json
DEP-015,DEP,05d18ab24300a03315494ba7a840244f5fd6bcec25da3d9ce46fd49f4afede38,SO,SO,"PO, MO, SA, SO, CM","I,T",architecture/DEPLOYMENT_AND_SCALABILITY.md,NG-WP-02,NG-WP-07;NG-WP-08,1,,G0,G8,,NGV-DEP-015,NGR-DEP-015,OUTSIDE_LOCAL_V04_GATE,quality/G0_HUMAN_APPROVAL_LEDGER.json
DEP-016,DEP,9b5bb8b87fc4b47f887629453a67652e6295a7bebf5250000a4a1f780e4785c7,SA,SA,"PO, MO, SA, SO, CM","A,T",architecture/DEPLOYMENT_AND_SCALABILITY.md,NG-WP-02,NG-WP-07;NG-WP-08,1,,G0,G8,,NGV-DEP-016,NGR-DEP-016,OUTSIDE_LOCAL_V04_GATE,quality/G0_HUMAN_APPROVAL_LEDGER.json
DEP-017,DEP,cd8b0bd51af4f6c77771d8567e8342954e763026ef87e0ac4bedf9a64e11b90b,PO,PO,"PO, MO, SA, SO, CM","A,T",architecture/DEPLOYMENT_AND_SCALABILITY.md,NG-WP-02,NG-WP-07;NG-WP-08,1,,G0,G8,,NGV-DEP-017,NGR-DEP-017,OUTSIDE_LOCAL_V04_GATE,quality/G0_HUMAN_APPROVAL_LEDGER.json
DEP-018,DEP,69c50ac361ec72a95f5bee5c8cadd4dd1b6d0a16b493876bc17d2722b1bec2c3,QL,QL,"PO, MO, SA, SO, CM",I,architecture/DEPLOYMENT_AND_SCALABILITY.md,NG-WP-02,NG-WP-07;NG-WP-08,1,,G0,G8,,NGV-DEP-018,NGR-DEP-018,OUTSIDE_LOCAL_V04_GATE,quality/G0_HUMAN_APPROVAL_LEDGER.json
DEP-019,DEP,1c5dc0f09104833367c51959a44ba00bc7f4bd066003435a07dade60973d74c1,MO,MO,"PO, MO, SA, SO, CM","T,E",architecture/DEPLOYMENT_AND_SCALABILITY.md,NG-WP-02,NG-WP-07;NG-WP-08,1,,G0,G8,,NGV-DEP-019,NGR-DEP-019,OUTSIDE_LOCAL_V04_GATE,quality/G0_HUMAN_APPROVAL_LEDGER.json
DEP-020,DEP,5c388864470cb1d13b70b338c142e46fdbb644c008045e9ad02f5332d7c9054b,CM,CM,"PO, MO, SA, SO, CM","I,T",architecture/DEPLOYMENT_AND_SCALABILITY.md,NG-WP-02,NG-WP-07;NG-WP-08,1,,G0,G8,,NGV-DEP-020,NGR-DEP-020,OUTSIDE_LOCAL_V04_GATE,quality/G0_HUMAN_APPROVAL_LEDGER.json
DEP-021,DEP,b1777a237329adf7a746347ce86db06ccf97e59220d2201bc2cd96dc835b3f52,SO,SO,"PO, MO, SA, SO, CM","I,T",architecture/DEPLOYMENT_AND_SCALABILITY.md,NG-WP-02,NG-WP-07;NG-WP-08,1,,G0,G8,,NGV-DEP-021,NGR-DEP-021,OUTSIDE_LOCAL_V04_GATE,quality/G0_HUMAN_APPROVAL_LEDGER.json
DEP-022,DEP,e84f55c4f2fd051271e341c39942a4fc7d2db9980aec75c41e0b1248e2738a4f,CM,CM,"PO, MO, SA, SO, CM","T,D",architecture/DEPLOYMENT_AND_SCALABILITY.md,NG-WP-02,NG-WP-07;NG-WP-08,1,,G0,G8,,NGV-DEP-022,NGR-DEP-022,OUTSIDE_LOCAL_V04_GATE,quality/G0_HUMAN_APPROVAL_LEDGER.json
DEP-023,DEP,9ee001410f1fc7e9899d4852126a23ec04e15ac29c9d01a14846682bd421db83,QL,QL,"PO, MO, SA, SO, CM","I,E",architecture/DEPLOYMENT_AND_SCALABILITY.md,NG-WP-02,NG-WP-07;NG-WP-08,1,,G0,G8,,NGV-DEP-023,NGR-DEP-023,OUTSIDE_LOCAL_V04_GATE,quality/G0_HUMAN_APPROVAL_LEDGER.json
DEP-024,DEP,329d42631e229a4fb03b3ec497df972e0905dd8f1c08e6c73c87b688afca3ade,SA,SA,"PO, MO, SA, SO, CM","A,T",architecture/DEPLOYMENT_AND_SCALABILITY.md,NG-WP-02,NG-WP-07;NG-WP-08,1,,G0,G8,,NGV-DEP-024,NGR-DEP-024,OUTSIDE_LOCAL_V04_GATE,quality/G0_HUMAN_APPROVAL_LEDGER.json
DEP-025,DEP,ab1df53f839f198b4265a2decd7b328800cd76bdb520ad978bd57ffcb08595c1,SA,SA,"PO, MO, SA, SO, CM","T,E",architecture/DEPLOYMENT_AND_SCALABILITY.md,NG-WP-02,NG-WP-07;NG-WP-08,1,,G0,G8,,NGV-DEP-025,NGR-DEP-025,OUTSIDE_LOCAL_V04_GATE,quality/G0_HUMAN_APPROVAL_LEDGER.json
VNV-001,VNV,487e4899ce1b895a8ba0fa3634626e039f735c962e83e90ce258fbb8303324f1,QL,QL,"MO, SA, LA, DA, SO, QL, CM",I,quality/VERIFICATION_AND_VALIDATION.md,NG-WP-08,,8,0;1;2;3;4;5;6;7,G0,G9,G0;G1;G2;G3;G4;G5;G6;G7;G8,NGV-VNV-001,NGR-VNV-001,OUTSIDE_LOCAL_V04_GATE,quality/G0_HUMAN_APPROVAL_LEDGER.json
VNV-002,VNV,148afdfc8db6ff40d193b0b4af3625e4b91eb90296af05aea4f873d700964aa9,QL,QL,"MO, SA, LA, DA, SO, QL, CM","I,T",quality/VERIFICATION_AND_VALIDATION.md,NG-WP-00,NG-WP-08,0,1;2;3;4;5;6;7;8,G0,G0,G1;G2;G3;G4;G5;G6;G7;G8;G9,NGV-VNV-002,NGR-VNV-002,OUTSIDE_LOCAL_V04_GATE,quality/G0_HUMAN_APPROVAL_LEDGER.json
VNV-003,VNV,cc36f83ce51ddc6e645821807f23b9025b0b4e506c713e5555fd6891f3d95eaa,LA,LA,"MO, SA, LA, DA, SO, QL, CM",T,quality/VERIFICATION_AND_VALIDATION.md,NG-WP-08,,2,8,G0,G3,G9,NGV-VNV-003,NGR-VNV-003,OUTSIDE_LOCAL_V04_GATE,quality/G0_HUMAN_APPROVAL_LEDGER.json
VNV-004,VNV,5b07ba1e57b620b75a1163c2bd5fc3b6e13ee3c8fb978176264566613ab024ea,DA,DA,"MO, SA, LA, DA, SO, QL, CM",T,quality/VERIFICATION_AND_VALIDATION.md,NG-WP-08,,2,8,G0,G3,G9,NGV-VNV-004,NGR-VNV-004,OUTSIDE_LOCAL_V04_GATE,quality/G0_HUMAN_APPROVAL_LEDGER.json
VNV-005,VNV,d8eea9786ec8f1965756e2af9526e15c4789294b173d9be0af07fcde1bb510c4,QL,QL,"MO, SA, LA, DA, SO, QL, CM",T,quality/VERIFICATION_AND_VALIDATION.md,NG-WP-08,,2,7;8,G0,G4,G8;G9,NGV-VNV-005,NGR-VNV-005,OUTSIDE_LOCAL_V04_GATE,quality/G0_HUMAN_APPROVAL_LEDGER.json
VNV-006,VNV,a3dc92b8dfa1d8ad1ddf6b00e2f2097b786a8c4a491999e24a3daf58839a22d5,QL,QL,"MO, SA, LA, DA, SO, QL, CM","T,E",quality/VERIFICATION_AND_VALIDATION.md,NG-WP-08,,2,7;8,G0,G4,G8;G9,NGV-VNV-006,NGR-VNV-006,OUTSIDE_LOCAL_V04_GATE,quality/G0_HUMAN_APPROVAL_LEDGER.json
VNV-007,VNV,115b7feebff7082d5d93e8108efb870140070a0af6c5a59319486d3e2aa6d290,SO,SO,"MO, SA, LA, DA, SO, QL, CM","I,T,E",quality/VERIFICATION_AND_VALIDATION.md,NG-WP-06,NG-WP-08,6,8,G0,G5,G9,NGV-VNV-007,NGR-VNV-007,OUTSIDE_LOCAL_V04_GATE,quality/G0_HUMAN_APPROVAL_LEDGER.json
VNV-008,VNV,abb12b379a4b451361ef10bb4db8b393abb77133fe0fc03a0803783e66c0b25b,MO,MO,"MO, SA, LA, DA, SO, QL, CM","T,D",quality/VERIFICATION_AND_VALIDATION.md,NG-WP-08,,3,8,G0,G7,G9,NGV-VNV-008,NGR-VNV-008,OUTSIDE_LOCAL_V04_GATE,quality/G0_HUMAN_APPROVAL_LEDGER.json
VNV-009,VNV,bd0e5b9c72b39c2a04bec291d8acf6c657f9ca8894ec28b9ebbf92565957e5db,SA,SA,"MO, SA, LA, DA, SO, QL, CM","A,T",quality/VERIFICATION_AND_VALIDATION.md,NG-WP-08,,5,7;8,G0,G6,G8;G9,NGV-VNV-009,NGR-VNV-009,OUTSIDE_LOCAL_V04_GATE,quality/G0_HUMAN_APPROVAL_LEDGER.json
VNV-010,VNV,4ba975a3db2503916247926e6c458bf620b70c3badc47776ea1d9c2eba02548b,CM,CM,"MO, SA, LA, DA, SO, QL, CM",E,quality/VERIFICATION_AND_VALIDATION.md,NG-WP-08,,7,8,G0,G4,G8;G9,NGV-VNV-010,NGR-VNV-010,OUTSIDE_LOCAL_V04_GATE,quality/G0_HUMAN_APPROVAL_LEDGER.json
VNV-011,VNV,8b08e23d6cc9d7d364810edd3bc527e3f7afe4753bb1cf6b025f962d6e7727ef,MO,MO,"MO, SA, LA, DA, SO, QL, CM","I,D",quality/VERIFICATION_AND_VALIDATION.md,NG-WP-08,,8,,G0,G9,,NGV-VNV-011,NGR-VNV-011,OUTSIDE_LOCAL_V04_GATE,quality/G0_HUMAN_APPROVAL_LEDGER.json
VNV-012,VNV,cae1efeb3fe60d0b49e1bb0328c9b9f9af00eca1e9977a7610d297a6ae01bba1,QL,QL,"MO, SA, LA, DA, SO, QL, CM",I,quality/VERIFICATION_AND_VALIDATION.md,NG-WP-00,NG-WP-08,0,1;2;3;4;5;6;7;8,G0,G0,G1;G2;G3;G4;G5;G6;G7;G8;G9,NGV-VNV-012,NGR-VNV-012,OUTSIDE_LOCAL_V04_GATE,quality/G0_HUMAN_APPROVAL_LEDGER.json
